2006.00,12.00,17.00,370.75,659.66,312.61,327.37,436.40,393.26,256.68,319.07,372.35,502.04,714.71,486.66,377.33,327.09,412.14,587.97,655.06,670.96,728.14,572.81,662.05,598.88,298.97,86.21
2006.00,12.00,18.00,54.43,61.70,56.03,61.04,202.14,57.80,120.14,482.61,410.08,320.90,257.93,307.62,345.86,331.28,341.32,351.42,383.91,424.41,473.18,514.93,600.81,427.33,342.46,304.73
2006.00,12.00,19.00,164.87,69.53,64.45,60.72,64.57,60.40,156.84,351.68,763.98,318.62,86.09,457.25,84.82,59.18,59.51,82.99,270.24,415.86,434.22,362.80,579.14,284.17,141.80,75.57
2006.00,12.00,20.00,90.56,50.94,154.48,61.06,56.92,51.74,55.86,300.67,574.62,272.88,297.45,569.66,279.87,281.32,255.03,55.37,92.26,112.95,558.71,639.82,704.19,718.09,602.46,469.09
2006.00,12.00,21.00,302.49,275.33,251.09,59.60,48.59,57.25,58.23,252.19,307.84,507.30,348.15,105.30,161.33,332.50,201.66,60.54,267.87,345.18,481.21,432.73,480.04,193.46,55.20,53.26
2006.00,12.00,22.00,52.57,53.57,52.71,53.94,52.05,158.91,94.46,339.38,540.51,373.48,264.89,246.69,241.95,132.33,160.63,285.90,309.45,294.79,529.20,775.62,696.43,895.86,603.66,476.46
2006.00,12.00,23.00,334.47,339.31,334.97,348.90,372.55,439.02,324.84,792.40,825.38,639.38,585.37,622.17,576.83,670.87,740.13,797.47,856.56,1073.88,764.05,811.01,823.53,647.66,852.39,1095.53
2006.00,12.00,24.00,793.31,645.15,453.58,316.45,310.41,321.40,373.26,290.78,281.20,536.82,526.91,412.20,295.43,638.10,270.12,609.92,395.30,332.16,99.50,89.42,93.37,95.33,94.49,95.78
2006.00,12.00,25.00,196.86,237.67,86.26,116.19,113.97,122.13,52.01,133.30,514.26,294.14,377.29,599.63,573.64,438.20,351.31,342.76,762.75,408.04,477.22,320.93,389.40,755.67,830.12,510.54
2006.00,12.00,26.00,477.46,473.20,474.83,482.34,589.37,470.26,470.36,617.65,465.97,698.20,796.05,467.47,485.42,568.56,753.65,517.90,679.62,658.27,639.44,597.55,685.19,523.57,170.09,151.30
2006.00,12.00,27.00,95.12,97.19,94.44,87.47,93.36,204.15,93.43,403.72,426.34,458.69,456.33,259.11,212.39,52.03,51.96,65.62,58.45,98.72,359.32,341.96,463.44,261.89,213.40,69.62
2006.00,12.00,28.00,200.60,54.70,62.27,58.85,61.07,57.00,57.62,205.48,499.41,260.28,64.22,55.13,53.37,137.60,356.20,310.07,307.04,479.09,501.02,561.01,416.90,991.71,633.04,419.77
2006.00,12.00,29.00,277.57,392.75,423.76,483.05,486.75,469.94,480.34,756.05,727.68,676.50,477.12,273.60,306.40,336.65,279.37,123.70,62.60,175.76,372.75,352.80,683.78,849.59,722.03,229.38
2006.00,12.00,30.00,58.04,62.10,55.03,60.22,59.27,54.72,178.59,50.53,298.72,637.28,918.73,765.32,619.43,451.60,352.53,482.44,779.05,508.36,760.76,739.16,605.83,401.38,147.54,139.87
2006.00,12.00,31.00,133.18,141.05,142.18,153.34,251.66,206.95,492.64,662.64,804.46,536.33,574.10,661.65,758.84,709.53,606.86,490.06,558.94,541.67,474.74,479.43,477.59,481.27,519.16,611.42
2007.00,1.00,1.00,502.35,496.98,508.59,500.58,487.60,487.69,483.67,481.98,480.90,619.63,524.23,507.34,515.20,425.88,254.93,376.01,273.78,321.44,287.92,144.23,81.20,85.46,87.39,88.62
2007.00,1.00,2.00,87.93,86.01,85.00,91.42,204.82,139.95,88.03,81.26,89.49,82.25,87.82,85.23,83.89,90.40,86.35,283.23,287.36,420.72,388.40,299.03,506.86,260.26,104.04,146.51
2007.00,1.00,3.00,221.65,177.39,60.04,65.64,58.86,187.42,65.85,59.42,62.95,118.66,172.18,192.30,275.29,279.66,214.75,59.48,72.41,56.16,71.14,56.92,64.26,219.68,187.90,328.63
2007.00,1.00,4.00,664.72,570.51,470.19,465.20,466.78,461.89,464.55,458.15,473.43,525.28,373.82,395.15,800.91,698.20,396.50,173.18,647.93,539.90,513.15,562.11,295.14,94.30,82.65,105.39
2007.00,1.00,5.00,387.60,470.09,471.64,475.77,472.10,474.13,466.34,463.13,456.32,465.63,523.11,70.08,69.80,67.31,74.32,94.11,164.75,441.31,472.60,401.56,586.06,526.72,469.67,342.46
2007.00,1.00,6.00,294.06,85.37,65.65,61.62,59.79,66.03,58.84,66.37,58.18,122.73,300.46,510.53,788.38,372.32,334.73,226.24,173.57,177.05,168.50,361.21,199.93,199.42,100.77,99.51
2007.00,1.00,7.00,177.89,58.38,69.41,58.82,70.09,56.20,66.63,61.59,61.06,73.97,205.11,210.43,108.63,656.22,498.89,742.65,449.20,473.61,1026.41,574.40,693.89,933.22,419.29,288.31
2007.00,1.00,8.00,267.94,266.01,272.74,267.24,270.98,217.54,92.20,199.44,421.37,327.85,255.37,231.44,64.78,126.68,364.53,371.27,418.01,373.83,572.72,550.29,674.56,493.88,191.03,65.53
2007.00,1.00,9.00,53.14,61.42,56.60,92.50,130.22,54.06,221.27,470.11,420.61,367.97,265.73,184.10,54.54,59.39,52.52,111.24,289.78,414.83,467.38,450.52,632.33,648.45,254.32,322.14
2007.00,1.00,10.00,102.00,128.79,67.04,53.05,68.32,52.78,176.78,465.37,585.52,392.96,281.07,782.04,281.79,109.06,333.91,254.31,134.62,359.32,662.62,628.32,577.84,333.77,167.78,74.08
2007.00,1.00,11.00,66.27,50.14,60.79,175.71,53.27,58.61,145.03,532.19,493.41,269.86,269.77,226.85,59.15,77.83,64.44,106.67,514.67,637.77,762.03,942.25,729.95,567.29,285.20,253.49
2007.00,1.00,12.00,115.30,61.49,59.56,63.33,57.71,159.99,285.86,557.86,392.71,265.53,178.60,55.51,58.02,50.00,65.96,51.55,63.16,112.79,502.03,440.16,452.01,297.93,292.23,157.42
2007.00,1.00,13.00,174.97,62.38,50.50,58.66,56.92,52.11,62.07,353.06,523.01,337.95,624.34,701.75,388.02,322.84,320.97,408.01,405.25,551.08,371.86,621.28,888.66,981.10,1145.12,998.80
2007.00,1.00,14.00,657.92,574.31,567.10,220.93,223.39,235.18,310.41,224.73,259.02,438.42,341.98,198.64,140.33,255.78,359.92,413.02,674.71,829.38,708.81,648.26,628.84,415.10,288.09,270.71
2007.00,1.00,15.00,267.32,264.25,90.99,57.09,57.43,48.06,60.73,383.05,511.23,314.14,365.39,270.10,222.76,128.43,292.30,319.70,303.76,352.93,442.71,585.28,540.15,319.75,365.78,489.71
2007.00,1.00,16.00,76.29,58.94,60.76,57.84,154.36,80.48,138.02,489.27,213.67,174.81,78.87,126.12,381.03,186.11,377.53,175.31,324.76,563.57,615.70,385.92,275.11,276.27,188.04,76.82
2007.00,1.00,17.00,58.95,48.54,169.39,52.64,56.47,51.90,172.69,440.34,614.47,635.58,804.69,481.66,344.11,280.79,301.27,762.58,371.94,604.02,328.65,513.36,634.34,698.14,535.84,385.17
2007.00,1.00,18.00,276.06,222.27,58.91,56.20,56.31,53.68,147.19,516.35,326.60,261.27,170.58,55.07,60.08,99.68,73.27,120.70,321.63,424.10,617.14,550.08,584.65,547.28,276.45,103.39
2007.00,1.00,19.00,60.14,62.30,60.02,60.77,62.49,59.17,157.69,559.16,419.06,361.00,225.44,50.79,59.58,75.35,83.32,70.64,203.29,264.00,144.73,189.22,304.40,477.14,490.53,359.30
2007.00,1.00,20.00,341.08,226.35,204.51,220.65,201.51,206.99,218.03,416.26,400.82,403.46,448.99,408.79,363.01,837.24,518.71,388.26,384.55,550.51,849.32,1052.31,731.26,477.75,215.67,220.44
2007.00,1.00,21.00,270.26,295.43,308.71,236.04,231.30,237.57,350.33,214.27,379.97,379.13,419.62,563.29,531.12,544.35,379.27,344.95,241.92,561.45,718.66,1049.83,1196.78,1164.13,458.45,107.53
2007.00,1.00,22.00,62.24,51.52,60.06,51.27,59.83,52.51,195.70,367.23,607.84,477.03,373.21,264.18,266.63,216.15,283.17,279.88,234.42,225.96,268.52,728.56,877.56,506.86,326.04,321.08
2007.00,1.00,23.00,401.98,106.09,93.03,92.64,91.59,91.86,89.54,438.24,327.50,279.64,50.95,59.03,52.85,56.88,53.22,56.99,66.94,394.88,470.32,717.09,704.87,574.99,303.50,260.50
2007.00,1.00,24.00,363.85,312.53,292.16,291.35,284.65,284.74,272.15,693.99,740.17,692.85,518.46,306.91,565.56,361.83,311.11,500.21,535.43,332.54,427.43,424.91,583.75,305.49,182.00,223.54
2007.00,1.00,25.00,117.36,49.86,60.54,51.29,62.18,51.23,100.72,516.24,261.33,115.61,52.96,57.54,56.77,70.92,236.85,338.52,293.70,347.60,475.84,599.21,399.73,452.70,264.69,206.61
2007.00,1.00,26.00,57.69,54.23,52.53,55.98,52.95,57.00,216.27,446.36,100.79,157.85,157.57,500.08,337.74,313.05,302.62,132.84,57.17,116.63,178.47,342.04,290.95,513.53,471.73,344.91
2007.00,1.00,27.00,101.38,84.45,51.74,56.10,57.15,56.14,104.78,301.70,404.72,363.56,360.96,310.92,276.27,303.67,638.48,411.38,403.03,282.52,403.43,415.72,396.68,206.10,110.84,607.93
2007.00,1.00,28.00,624.74,283.33,272.95,284.00,285.35,277.62,287.97,269.44,438.95,427.64,348.85,424.74,826.37,663.41,349.68,452.43,399.09,496.75,648.52,491.78,746.68,606.35,178.55,66.69
2007.00,1.00,29.00,54.54,61.59,54.54,62.33,53.58,209.60,97.38,245.92,309.73,360.01,298.77,278.07,313.06,348.93,292.50,289.29,347.96,325.80,471.43,568.88,673.63,342.67,187.18,260.68
2007.00,1.00,30.00,75.25,62.47,57.34,63.25,57.22,65.06,187.29,595.79,296.98,147.08,55.87,97.29,126.76,110.40,125.14,161.55,294.89,380.86,633.09,603.51,565.82,329.55,392.06,121.31
2007.00,1.00,31.00,112.72,60.14,118.86,107.90,61.59,60.17,83.40,269.10,469.91,277.40,271.10,558.91,779.89,351.10,365.15,741.56,423.45,335.73,596.57,497.48,228.40,559.11,366.71,62.67
2007.00,2.00,1.00,54.86,62.86,57.30,58.32,59.96,132.23,437.12,602.33,649.41,404.56,290.37,270.20,121.16,58.70,61.03,58.69,65.50,158.62,508.31,585.98,419.40,306.08,295.29,271.48
2007.00,2.00,2.00,151.10,60.64,57.14,61.95,57.21,52.28,247.00,448.27,299.42,294.82,327.08,257.11,127.79,289.49,163.14,61.02,73.78,101.74,450.84,416.92,216.55,115.88,462.62,680.56
2007.00,2.00,3.00,731.61,687.52,688.98,465.25,430.97,458.20,409.74,403.54,429.99,287.99,303.22,324.75,311.08,328.87,773.47,460.59,501.52,481.23,988.91,1145.20,687.62,728.86,659.97,538.48
2007.00,2.00,4.00,999.19,819.18,464.03,383.89,386.42,395.91,576.64,378.45,446.19,537.04,474.91,232.48,422.67,385.04,292.77,487.43,702.41,452.92,527.08,615.72,618.84,472.29,311.42,420.77
2007.00,2.00,5.00,80.26,67.98,72.29,73.99,68.63,226.98,120.32,326.85,587.96,267.86,267.59,59.45,149.82,124.51,214.19,317.02,164.05,150.02,196.63,438.09,677.99,459.88,205.59,82.68
2007.00,2.00,6.00,79.10,152.47,64.00,58.32,53.39,62.79,117.51,273.41,365.56,178.78,134.85,145.45,107.99,167.57,227.81,311.59,135.88,133.70,131.83,124.28,373.56,547.34,175.07,57.95
2007.00,2.00,7.00,61.07,52.80,64.36,53.94,55.05,65.89,439.57,545.52,431.41,372.89,265.95,449.41,409.38,328.39,324.23,515.78,385.37,240.52,349.01,482.59,351.60,735.19,492.81,169.00
2007.00,2.00,8.00,59.79,57.65,52.61,67.14,64.61,146.62,230.41,377.28,342.45,285.47,263.68,260.26,273.40,79.35,66.06,118.43,128.02,348.38,349.03,662.25,586.64,537.70,399.06,156.87
2007.00,2.00,9.00,63.14,57.36,67.49,54.06,55.09,60.00,213.95,469.19,326.56,263.70,261.98,273.25,194.82,202.41,279.27,134.85,69.20,64.10,107.50,309.72,469.63,443.34,755.45,122.24
2007.00,2.00,10.00,73.32,63.68,74.01,65.94,66.50,69.60,174.88,289.05,328.34,353.93,446.82,502.69,549.48,400.83,407.63,297.50,295.48,354.92,692.47,927.92,801.53,504.28,923.79,622.70
2007.00,2.00,11.00,457.84,393.94,387.70,384.35,408.86,538.15,495.02,474.33,522.73,528.01,413.77,677.48,746.69,585.69,675.76,577.94,86.36,301.90,596.12,686.33,622.76,518.52,362.95,279.35
2007.00,2.00,12.00,282.83,88.90,65.46,68.23,59.38,62.37,357.17,485.67,427.78,392.59,264.25,270.93,181.50,143.45,257.80,273.52,151.76,142.15,201.55,444.25,710.12,463.65,186.77,181.19
2007.00,2.00,13.00,54.33,62.67,56.89,58.48,55.03,56.21,185.98,329.49,201.00,103.98,97.61,114.64,104.51,63.46,151.21,86.70,244.76,294.62,442.45,484.42,283.59,698.25,170.72,242.22
2007.00,2.00,14.00,68.43,55.92,57.13,63.08,56.45,56.95,322.04,535.01,501.95,375.39,261.08,376.19,679.73,490.35,478.63,859.52,429.55,192.73,475.93,458.84,358.42,669.11,312.49,66.98
2007.00,2.00,15.00,82.73,79.64,71.83,61.93,57.59,210.30,332.17,458.86,285.66,282.52,269.76,272.40,280.38,210.18,64.36,63.24,90.70,81.83,350.09,809.62,712.52,583.43,477.43,327.73
2007.00,2.00,16.00,307.68,162.65,104.59,98.60,96.58,114.67,655.15,476.59,65.98,67.74,69.98,194.86,65.53,71.87,64.82,64.05,67.48,81.29,277.73,616.40,556.66,550.50,401.12,356.03
2007.00,2.00,17.00,298.11,220.33,56.56,63.77,61.91,94.51,95.94,191.70,514.11,406.79,160.23,56.35,88.10,447.12,318.43,354.94,112.06,85.99,216.07,530.67,369.10,541.72,757.92,775.04
2007.00,2.00,18.00,879.38,765.81,475.44,270.88,60.02,165.96,707.10,477.39,668.84,674.08,827.30,483.79,721.02,657.21,698.37,324.44,425.68,422.00,669.90,777.17,669.80,517.65,155.77,76.19
2007.00,2.00,19.00,72.22,165.74,59.83,69.42,65.62,61.51,274.13,383.62,319.83,266.81,280.80,275.64,355.92,194.58,68.08,58.40,64.67,114.09,671.73,839.71,782.56,720.42,519.62,492.61
2007.00,2.00,20.00,490.16,471.98,481.46,560.78,525.12,465.48,563.02,869.85,685.83,525.79,347.98,331.92,322.63,383.83,308.02,75.07,83.97,85.32,197.21,400.04,867.51,552.23,392.70,351.73
2007.00,2.00,21.00,62.94,59.94,184.18,60.55,60.75,54.46,121.18,412.75,282.11,263.55,280.08,137.41,158.42,85.81,66.27,334.94,360.08,401.46,563.13,594.95,790.98,416.18,524.18,527.91
2007.00,2.00,22.00,391.49,461.86,462.52,467.51,452.76,462.51,699.35,780.62,691.56,322.01,288.09,300.64,329.92,67.25,119.80,96.09,139.37,138.38,317.89,884.31,681.61,1253.36,692.39,582.09
2007.00,2.00,23.00,200.29,58.36,61.38,54.95,63.87,51.75,56.49,460.74,395.04,328.32,300.30,247.53,286.31,298.67,276.35,275.46,273.66,140.97,66.46,55.44,61.04,64.37,67.74,166.00
2007.00,2.00,24.00,75.25,59.76,56.05,225.05,77.47,52.08,60.44,99.49,398.49,351.86,57.82,57.65,52.03,61.87,52.07,56.05,56.22,141.66,85.82,49.00,55.43,57.12,49.11,58.94
2007.00,2.00,25.00,55.09,58.05,52.65,146.58,114.94,54.06,59.52,49.87,56.16,58.20,50.16,61.76,51.87,53.29,236.89,52.43,56.96,52.17,53.81,55.47,52.82,59.27,50.01,54.92
2007.00,2.00,26.00,106.07,186.59,58.40,52.89,51.58,55.05,56.01,56.71,49.00,54.48,54.57,152.19,149.05,51.72,51.86,59.63,53.95,57.12,52.16,51.75,55.35,52.64,178.57,118.71
2007.00,2.00,27.00,51.02,61.28,51.38,57.05,54.48,49.26,57.56,55.09,56.00,219.03,73.86,59.12,53.25,57.78,56.16,50.75,60.47,55.70,52.76,61.19,239.47,58.01,52.70,57.33
2007.00,2.00,28.00,57.32,51.05,62.99,53.45,51.55,58.67,68.30,237.42,51.88,53.35,57.12,49.75,62.39,51.72,49.73,59.25,52.91,59.81,246.19,52.88,56.32,50.65,62.05,52.69
2007.00,3.00,1.00,50.65,60.67,54.57,56.45,53.63,230.23,71.91,51.83,57.35,54.13,49.58,58.74,54.23,53.12,55.05,54.31,244.95,62.80,54.85,54.85,49.26,61.02,52.76,51.95
2007.00,3.00,2.00,56.35,55.87,57.32,168.00,127.54,57.66,51.65,58.08,53.05,49.28,58.55,53.93,53.91,52.19,183.76,125.88,49.62,53.69,55.62,50.54,57.40,53.52,51.01,58.31
2007.00,3.00,3.00,57.47,173.22,131.75,55.41,61.60,50.67,61.32,56.91,51.70,60.46,55.64,58.43,126.78,177.66,60.42,52.85,62.20,54.76,73.04,303.02,357.18,292.28,190.68,63.32
2007.00,3.00,4.00,51.21,52.51,62.87,50.27,59.61,56.11,133.53,131.62,55.86,60.14,52.70,58.11,57.93,264.48,90.03,374.89,658.74,804.97,808.70,1069.86,806.75,776.32,262.93,62.61
2007.00,3.00,5.00,68.26,55.53,59.95,60.78,55.14,62.42,302.63,773.25,375.07,372.58,272.60,269.07,142.11,217.72,511.54,327.63,493.96,533.99,661.07,1111.76,828.26,691.59,429.27,56.37
2007.00,3.00,6.00,57.03,54.52,56.39,55.77,53.18,56.33,315.97,497.00,243.55,170.36,168.66,137.70,90.50,194.53,78.85,74.92,80.83,78.71,141.88,376.94,527.15,343.12,96.45,141.30
2007.00,3.00,7.00,131.37,51.60,60.42,52.71,53.16,58.92,350.82,350.43,427.03,422.44,278.45,333.70,349.25,279.64,280.17,267.72,276.77,69.83,500.73,955.71,859.71,637.24,549.85,198.97
2007.00,3.00,8.00,71.32,71.37,139.31,123.53,75.08,69.98,127.50,470.78,435.75,200.40,74.80,70.62,73.57,70.12,70.50,76.82,90.71,167.97,119.69,694.47,659.52,636.92,453.46,116.35
2007.00,3.00,9.00,54.59,61.78,58.48,57.30,59.45,52.54,159.94,382.58,397.23,426.65,369.54,347.58,277.09,280.81,169.68,77.31,72.12,64.05,65.98,193.50,72.23,89.34,201.53,186.06
2007.00,3.00,10.00,65.68,59.18,58.02,194.91,54.61,61.84,55.61,124.83,237.19,422.83,612.96,465.48,357.69,339.13,428.36,605.30,437.71,434.98,196.44,610.78,427.67,657.19,673.07,574.61
2007.00,3.00,11.00,482.12,469.52,473.80,478.88,475.90,478.93,597.59,663.25,474.35,509.33,269.79,152.37,342.98,651.45,305.25,496.90,322.27,377.56,559.21,912.17,679.73,561.30,496.45,194.09
2007.00,3.00,12.00,60.61,57.41,60.71,56.31,57.08,56.20,165.43,358.91,436.45,428.75,371.62,380.21,324.34,196.52,231.11,193.41,248.47,293.69,275.04,652.19,459.20,524.62,435.63,79.17
2007.00,3.00,13.00,60.70,59.58,58.47,59.09,56.85,60.28,233.63,307.85,264.68,141.59,55.61,62.47,57.44,55.18,65.54,53.74,65.81,191.25,342.36,680.50,416.72,127.53,391.48,366.56
2007.00,3.00,14.00,82.47,69.79,75.41,72.74,73.39,68.41,364.00,314.74,274.52,264.09,178.22,192.97,377.16,295.10,184.13,170.82,59.40,78.41,120.83,729.99,557.62,713.84,324.02,244.68
2007.00,3.00,15.00,114.80,53.68,59.85,56.31,151.37,68.37,341.03,414.09,265.72,241.09,352.67,289.97,91.71,80.56,157.22,525.06,174.18,111.47,412.99,704.35,659.45,474.93,238.25,147.82
2007.00,3.00,16.00,154.99,143.76,152.08,152.03,147.42,151.97,256.89,191.03,384.96,396.90,273.67,54.92,63.66,55.30,64.54,55.25,64.00,168.02,676.45,744.78,342.44,300.81,374.18,216.92
2007.00,3.00,17.00,101.23,59.10,54.40,56.98,53.34,55.66,124.87,250.14,351.18,275.19,335.44,272.31,300.82,344.72,293.82,379.65,167.70,519.39,415.10,489.18,813.37,665.88,219.54,58.21
2007.00,3.00,18.00,62.10,54.35,65.22,58.98,62.54,100.38,334.60,591.40,610.22,648.46,705.42,460.08,379.06,234.61,192.33,84.66,80.35,90.59,483.39,812.38,633.71,553.27,265.75,219.09
2007.00,3.00,19.00,175.13,156.57,67.78,54.19,57.12,57.19,232.24,389.88,372.10,343.00,319.76,223.49,93.91,93.96,362.88,305.65,301.56,275.82,288.27,670.92,807.90,778.73,411.23,226.36
2007.00,3.00,20.00,61.52,125.73,119.76,56.56,58.42,53.85,203.80,388.71,496.56,400.38,459.73,402.82,323.25,165.05,63.99,55.78,78.29,60.38,197.86,627.31,451.56,1042.40,673.87,280.48
2007.00,3.00,21.00,275.00,267.99,92.42,62.05,55.93,62.17,123.10,251.05,307.26,262.48,279.64,367.97,478.07,343.92,277.19,237.92,169.57,370.20,202.18,599.21,498.59,376.06,573.56,497.89
2007.00,3.00,22.00,407.89,112.71,59.64,56.39,56.04,58.61,256.95,449.72,316.89,270.73,262.04,249.92,57.63,57.68,89.35,68.60,90.34,180.59,112.75,305.13,75.26,510.36,394.64,276.11
2007.00,3.00,23.00,274.25,192.68,57.14,52.43,52.70,54.45,240.73,387.87,257.18,263.33,114.06,53.50,62.31,50.98,61.21,57.15,106.90,147.28,275.85,316.96,428.10,299.99,342.90,146.88
2007.00,3.00,24.00,54.83,148.76,80.01,55.51,53.15,57.94,48.30,192.11,303.38,495.83,390.36,325.37,419.20,386.57,517.13,639.15,488.75,474.51,595.42,987.88,765.70,638.18,811.01,814.84
2007.00,3.00,25.00,468.06,457.44,464.75,464.47,471.12,492.63,571.38,457.34,566.80,528.18,405.09,133.23,367.82,350.21,491.50,358.80,443.41,69.04,246.78,737.58,875.79,693.37,555.02,282.16
2007.00,3.00,26.00,249.00,58.64,64.42,53.89,54.84,63.73,115.12,503.72,310.47,367.35,314.96,308.34,197.70,250.11,174.14,57.85,60.75,63.23,73.95,181.69,426.54,348.70,272.67,76.49
2007.00,3.00,27.00,60.82,52.07,92.26,144.55,57.54,56.10,117.09,253.07,261.79,96.39,55.05,55.89,58.87,53.64,65.03,57.71,79.85,159.60,94.68,311.50,566.17,571.81,239.94,66.19
2007.00,3.00,28.00,57.67,181.99,67.95,55.99,61.45,56.05,239.35,474.37,415.19,380.93,267.29,374.88,277.94,467.97,655.49,433.99,615.77,169.59,75.96,527.47,542.20,805.45,378.70,77.37
2007.00,3.00,29.00,61.78,67.42,60.74,67.61,60.29,175.88,307.17,435.47,272.82,263.80,142.67,57.04,64.22,58.13,64.08,59.11,59.61,129.12,354.13,513.38,594.66,664.10,518.32,168.94
2007.00,3.00,30.00,68.62,61.40,59.58,68.91,58.49,58.26,222.15,494.99,395.32,276.69,291.52,109.14,183.13,302.53,184.98,58.32,62.15,91.79,68.50,198.78,435.99,429.96,312.41,109.75
2007.00,3.00,31.00,73.79,71.86,316.56,483.79,474.50,476.03,488.74,589.77,462.30,400.20,1016.47,365.58,297.59,338.75,450.25,505.75,435.36,403.24,799.85,684.06,938.67,504.13,454.97,487.77
2007.00,4.00,1.00,457.81,388.60,349.22,228.35,57.71,59.77,63.59,181.11,468.56,324.97,372.65,358.85,308.53,274.15,286.72,288.64,68.89,760.25,708.55,652.48,435.23,777.43,835.27,437.56
2007.00,4.00,2.00,271.34,268.87,154.64,57.80,55.54,66.10,127.11,406.07,364.67,292.01,257.99,270.67,260.73,282.06,278.86,113.09,56.97,64.26,128.01,476.40,506.20,619.01,662.36,395.51
2007.00,4.00,3.00,65.10,57.85,62.12,58.47,56.82,59.10,132.57,619.65,277.90,272.13,271.13,243.00,69.43,55.61,55.59,69.92,55.89,58.47,291.41,899.20,361.21,454.44,624.11,221.42
2007.00,4.00,4.00,57.84,65.72,57.63,52.99,63.20,55.66,265.94,374.61,387.87,289.57,258.27,287.13,321.68,282.52,411.20,540.52,431.26,69.51,287.44,386.63,294.82,747.60,478.46,267.21
2007.00,4.00,5.00,62.96,60.04,54.42,52.55,64.11,54.22,116.60,558.81,376.18,304.91,338.04,292.53,93.89,73.52,89.38,101.46,90.47,100.94,91.80,529.57,798.74,936.03,528.90,283.12
2007.00,4.00,6.00,258.18,71.26,62.41,67.64,71.22,61.98,115.08,376.94,375.17,270.62,267.19,263.95,61.87,60.29,59.81,59.82,93.60,280.73,629.17,437.40,125.39,459.83,474.11,252.09
2007.00,4.00,7.00,195.24,89.30,57.86,59.16,70.07,176.88,57.67,141.06,136.11,348.48,413.37,537.52,98.96,64.59,58.53,96.45,113.35,72.66,190.87,82.80,67.78,649.35,657.42,665.27
2007.00,4.00,8.00,549.64,452.79,461.82,471.87,458.72,448.78,360.50,178.21,115.10,253.80,138.39,122.76,111.97,163.28,265.61,141.79,51.75,58.35,64.47,51.12,59.11,62.82,51.66,186.64
2007.00,4.00,9.00,64.10,55.05,54.78,63.65,55.68,53.39,65.51,54.38,53.92,87.58,182.34,55.71,62.77,53.25,60.27,232.79,216.83,282.87,194.95,475.58,320.32,316.45,162.81,60.52
2007.00,4.00,10.00,60.74,55.88,61.28,62.06,52.80,160.57,77.05,52.00,65.33,56.38,53.77,64.11,55.45,56.84,63.31,56.12,204.01,78.75,110.77,105.74,204.83,202.88,232.93,358.09
2007.00,4.00,11.00,294.53,215.75,76.29,68.28,70.08,71.54,70.25,71.32,68.76,288.39,310.68,269.26,259.40,55.75,56.18,66.42,56.63,57.17,65.22,55.61,56.22,64.27,191.83,53.35
2007.00,4.00,12.00,66.73,53.79,52.87,69.55,52.72,54.42,66.05,53.75,57.73,170.62,115.46,60.76,61.03,53.54,59.14,61.44,56.30,57.21,64.02,55.14,57.05,200.01,109.39,56.31
2007.00,4.00,13.00,65.02,52.43,60.17,62.76,51.24,63.07,61.31,52.22,61.01,156.38,152.42,59.97,61.55,57.29,58.19,60.55,59.15,57.25,62.03,55.01,60.01,106.48,209.19,64.02
2007.00,4.00,14.00,61.35,51.04,64.84,60.83,52.15,65.47,60.40,52.89,64.25,57.47,186.01,127.30,56.46,59.77,61.29,57.71,56.05,63.06,59.38,53.08,67.35,60.13,93.58,227.52
2007.00,4.00,15.00,59.82,51.73,67.45,59.49,53.41,68.34,56.26,56.66,66.00,54.29,58.55,165.60,147.04,58.26,119.52,332.66,159.33,46.61,48.06,42.46,40.28,65.14,352.11,154.57
2007.00,4.00,16.00,44.23,43.88,38.85,43.82,42.55,37.98,44.71,159.77,246.63,91.44,40.09,44.71,116.12,52.52,59.84,71.01,70.74,252.23,198.11,49.82,256.96,571.84,314.16,234.23
2007.00,4.00,17.00,55.72,48.69,52.42,54.36,51.10,51.57,138.09,358.74,262.44,255.58,254.22,175.84,53.16,78.22,50.85,50.82,65.20,131.65,66.98,183.91,535.84,392.89,401.65,246.97
2007.00,4.00,18.00,213.08,42.24,39.77,41.28,41.71,39.93,184.85,312.00,229.83,130.95,288.95,107.34,199.95,47.71,87.63,47.48,43.69,49.22,121.29,115.08,87.29,356.77,311.45,137.25
2007.00,4.00,19.00,112.37,120.97,199.94,72.28,71.63,73.93,70.51,294.45,249.08,204.98,49.54,122.86,248.19,203.98,146.03,38.09,39.65,49.13,211.91,163.38,277.81,199.00,119.51,37.32
2007.00,4.00,20.00,42.25,41.16,38.74,39.36,158.02,42.99,59.11,352.13,104.65,38.52,34.60,42.84,44.65,56.37,81.01,58.44,172.13,63.00,62.60,76.93,157.17,568.06,315.11,50.31
2007.00,4.00,21.00,37.46,37.35,38.41,35.29,39.78,113.38,87.89,152.24,39.99,232.71,174.44,195.83,278.73,391.93,351.21,249.50,253.51,118.52,482.61,582.82,356.85,697.25,412.05,134.03
2007.00,4.00,22.00,71.44,47.94,55.50,44.18,51.16,64.65,303.75,525.46,443.56,659.15,575.47,598.93,440.28,169.52,413.70,116.19,311.28,232.56,207.86,441.91,377.22,600.24,349.04,231.19
2007.00,4.00,23.00,74.56,70.80,114.36,129.95,78.22,71.78,115.56,390.26,378.04,266.02,328.81,58.72,85.25,46.94,163.49,37.14,32.18,47.82,72.12,96.40,220.85,396.96,137.33,48.08
2007.00,4.00,24.00,49.70,172.87,43.02,60.23,43.46,46.70,97.87,286.78,86.87,44.85,107.25,290.34,68.48,48.05,76.13,60.12,77.67,117.39,246.80,250.51,373.70,413.09,267.56,58.42
2007.00,4.00,25.00,46.94,38.29,38.85,154.80,42.87,35.24,148.89,233.75,269.40,276.88,275.91,382.36,325.22,63.23,44.96,39.13,40.84,46.05,41.52,168.85,306.68,441.75,551.57,135.67
2007.00,4.00,26.00,46.43,34.34,44.34,37.41,34.02,46.47,95.59,277.34,583.04,370.12,295.65,143.63,89.59,99.62,73.26,49.91,33.67,177.36,247.22,254.91,419.98,208.35,369.16,155.29
2007.00,4.00,27.00,90.85,119.82,33.30,39.31,39.85,33.87,89.43,131.95,154.88,55.32,81.32,170.44,76.82,81.86,77.18,76.58,87.37,76.31,127.64,334.81,252.59,611.20,500.13,249.30
2007.00,5.00,1.00,59.83,50.54,39.13,50.57,37.31,65.98,137.48,128.65,113.19,273.24,310.73,438.75,227.33,364.50,181.12,310.28,62.38,56.06,365.37,393.07,485.93,679.90,426.37,203.88
2007.00,5.00,2.00,76.87,80.16,80.78,75.37,85.84,68.14,272.82,346.13,242.33,54.44,35.56,56.03,127.44,55.58,55.30,110.40,132.31,43.06,48.57,120.50,198.97,356.33,255.00,316.03
2007.00,5.00,3.00,439.52,104.35,49.51,48.60,173.62,48.44,124.70,188.91,234.53,233.60,42.02,33.26,44.45,36.44,45.35,62.86,47.94,49.45,139.58,130.15,255.54,464.18,345.82,235.88
2007.00,5.00,4.00,36.30,44.80,35.10,41.24,38.65,35.07,240.48,270.54,115.30,41.39,32.84,48.68,33.90,72.98,66.71,53.72,137.58,75.45,58.40,221.76,621.59,451.95,294.81,207.13
2007.00,5.00,5.00,130.31,38.36,44.52,33.02,41.75,38.73,35.75,211.56,311.82,350.12,114.19,72.49,83.36,91.33,637.14,216.65,380.02,292.88,341.64,283.33,274.00,372.46,407.12,328.17
2007.00,5.00,6.00,213.85,136.57,129.90,249.12,143.75,149.87,299.57,173.50,573.80,555.88,74.38,86.55,218.35,309.11,276.28,293.61,191.44,104.17,246.31,483.45,488.36,567.70,595.27,339.37
2007.00,5.00,7.00,205.02,44.87,37.34,40.16,43.93,34.79,45.80,246.53,669.87,634.15,504.88,201.64,296.07,372.01,174.33,43.15,97.32,109.08,336.23,226.62,45.57,452.14,354.51,179.30
2007.00,5.00,8.00,178.66,114.01,69.10,91.75,105.22,102.81,90.94,50.40,125.89,202.88,176.32,371.30,929.43,393.20,439.44,388.62,114.57,139.55,175.29,180.73,349.75,403.02,417.58,262.90
2007.00,5.00,9.00,37.46,43.50,35.71,41.35,39.32,37.13,316.93,313.51,246.89,236.23,231.28,205.77,80.24,360.15,256.01,315.09,241.09,44.18,160.30,552.55,569.83,568.26,458.52,76.50
2007.00,5.00,10.00,39.97,135.95,71.47,33.57,41.43,38.29,78.97,194.49,124.62,35.88,41.66,36.74,45.28,38.21,34.00,47.66,61.71,148.06,52.45,117.01,386.75,356.09,113.01,50.35
2007.00,5.00,11.00,37.89,42.46,37.63,35.25,39.84,160.61,43.44,218.01,270.85,277.23,115.67,102.07,49.66,55.23,84.08,83.55,155.99,245.98,125.20,64.42,93.92,428.39,260.16,186.53
2007.00,5.00,12.00,72.86,38.75,43.57,53.42,39.01,46.38,41.67,189.99,262.07,251.56,262.83,101.46,75.83,196.23,514.21,385.73,256.49,177.30,174.01,419.00,278.59,573.38,179.40,98.23
2007.00,5.00,13.00,85.32,160.38,54.67,51.25,43.38,80.45,150.60,51.99,205.33,68.80,79.46,195.91,527.73,420.04,504.09,378.50,452.34,390.22,221.80,342.42,387.54,267.15,162.86,83.82
2007.00,5.00,14.00,55.07,157.39,54.67,53.27,55.90,55.60,58.90,427.13,286.48,258.44,79.22,67.88,74.34,78.62,74.35,85.30,107.19,136.79,558.83,407.50,397.63,701.39,369.71,216.41
2007.00,5.00,15.00,68.85,67.09,62.32,70.81,65.97,68.57,103.43,240.90,267.21,268.95,261.56,131.67,65.66,73.86,65.51,71.63,65.43,72.99,153.60,156.71,96.00,103.81,146.40,219.72
2007.00,5.00,16.00,114.54,51.74,59.41,53.02,56.89,52.03,219.48,335.22,429.62,348.80,368.58,267.88,554.26,496.81,152.87,88.52,94.87,230.51,251.73,197.23,310.83,417.13,277.51,127.61
2007.00,5.00,17.00,62.04,53.60,61.82,59.35,61.86,52.89,60.48,196.46,151.72,161.74,77.57,444.33,65.97,85.77,164.91,257.58,164.66,115.66,161.77,334.20,287.40,345.56,304.64,311.45
2007.00,5.00,18.00,137.39,59.22,57.70,52.05,59.76,53.67,61.47,266.47,275.22,256.51,265.25,71.33,72.65,164.29,424.30,300.07,62.58,268.18,222.78,364.17,784.98,354.14,621.50,99.83
2007.00,5.00,19.00,65.29,54.38,61.30,58.42,62.52,54.63,60.16,282.33,230.32,253.42,337.51,183.78,255.99,517.63,394.60,318.86,293.96,216.99,310.77,255.27,74.93,79.21,158.82,111.05
2007.00,5.00,20.00,126.98,56.49,59.52,56.75,62.00,61.51,186.08,94.30,250.27,240.97,246.02,348.84,184.54,271.32,82.35,151.63,286.39,339.16,482.11,622.28,566.67,806.96,498.85,379.02
2007.00,5.00,21.00,195.17,59.19,65.20,61.32,60.33,65.74,85.67,312.67,256.07,256.57,252.86,254.97,81.54,59.12,61.62,54.59,60.82,58.01,69.41,95.32,279.14,351.95,332.29,247.04
2007.00,5.00,22.00,59.72,53.63,97.92,132.88,55.81,56.58,152.75,341.42,248.56,140.80,190.07,56.82,52.05,59.98,53.12,58.80,51.96,60.46,124.09,263.18,570.68,284.00,490.50,62.79
2007.00,5.00,23.00,66.71,52.78,65.41,56.86,59.58,58.12,242.35,287.69,483.32,284.34,258.79,311.88,232.03,210.24,425.06,165.00,67.82,56.58,130.70,212.35,252.97,378.20,242.17,207.68
2007.00,5.00,24.00,58.36,61.98,50.16,57.52,55.17,61.58,98.39,311.22,383.17,324.36,132.21,52.54,61.32,56.22,63.28,54.31,60.54,57.89,67.07,290.15,310.81,506.12,478.01,136.90
2007.00,5.00,25.00,67.13,59.83,158.94,80.62,63.40,56.83,267.59,371.81,358.76,255.74,167.99,61.06,55.44,63.78,58.20,66.06,56.98,79.69,347.41,565.78,703.75,881.30,390.15,60.43
2007.00,5.00,26.00,63.48,135.72,97.12,59.15,62.07,58.18,57.67,60.90,128.94,418.72,86.22,206.42,322.97,357.04,321.35,373.66,186.60,184.42,76.29,419.80,278.71,321.01,399.62,287.89
2007.00,5.00,27.00,82.25,62.85,61.76,56.37,65.22,71.02,115.05,89.55,228.59,219.72,99.32,187.22,438.60,252.40,759.60,738.06,482.58,810.28,555.12,390.78,385.98,510.61,311.36,95.57
2007.00,5.00,28.00,81.63,92.88,178.54,65.21,63.44,64.07,58.06,107.78,65.71,269.04,260.23,260.36,262.09,367.35,201.68,180.98,220.83,215.31,550.51,546.92,473.02,462.62,176.51,150.21
2007.00,5.00,29.00,80.04,150.80,63.34,59.90,62.39,58.15,248.06,221.38,304.07,176.03,155.85,169.72,131.68,60.12,54.43,59.22,54.15,175.42,58.97,135.13,134.71,488.48,320.63,61.17
2007.00,5.00,30.00,53.26,58.50,51.82,54.04,55.30,54.94,269.39,384.27,363.12,249.06,254.72,288.97,294.16,139.26,59.91,146.23,314.33,511.75,133.76,308.88,437.34,439.00,219.40,142.99
2007.00,5.00,31.00,183.76,51.05,59.90,52.15,56.63,51.12,138.11,171.46,224.04,51.13,54.06,54.18,56.99,57.15,50.56,59.08,49.61,108.03,208.44,256.11,331.54,393.83,292.08,69.77
2007.00,6.00,1.00,66.79,64.05,57.72,64.40,53.03,63.09,296.39,345.16,262.33,253.01,261.56,251.52,233.98,58.87,61.82,55.95,63.01,63.74,67.84,110.01,267.26,194.55,152.98,62.72
2007.00,6.00,2.00,96.33,60.54,53.47,61.66,126.17,134.73,54.49,126.88,93.11,472.82,234.25,391.86,78.25,175.34,240.38,286.26,278.07,524.18,388.42,620.81,144.85,77.14,70.84,81.56
2007.00,6.00,3.00,117.03,175.80,82.34,56.11,63.13,53.66,60.90,53.33,132.43,199.21,407.76,628.24,507.96,746.93,326.78,223.85,271.94,194.15,258.32,310.06,314.19,710.26,666.33,358.88
2007.00,6.00,4.00,69.62,68.57,52.08,154.61,64.62,60.10,106.45,293.73,260.15,249.73,189.88,52.40,61.05,52.74,48.02,56.40,61.93,51.15,324.43,298.02,112.30,99.75,95.55,109.10
2007.00,6.00,5.00,310.27,92.40,50.08,61.23,64.08,48.54,223.95,279.18,258.63,134.89,288.26,314.69,82.10,65.52,151.97,176.65,134.49,173.78,83.54,397.08,363.14,127.28,452.35,454.71
2007.00,6.00,6.00,345.38,224.12,63.79,57.61,47.41,53.59,343.28,301.99,303.76,285.61,268.25,270.45,148.54,102.03,256.44,136.92,197.70,86.13,101.27,501.04,400.35,434.96,416.73,219.27
2007.00,6.00,7.00,61.61,47.81,47.81,61.40,51.37,45.34,123.13,246.02,259.27,246.31,65.01,53.14,47.54,60.00,112.16,148.13,153.94,163.05,197.40,257.77,249.76,253.00,210.80,71.51
2007.00,6.00,8.00,60.71,47.33,51.69,62.66,47.54,45.38,58.56,187.82,269.14,385.04,614.73,490.02,513.05,575.92,545.19,303.01,77.15,424.90,422.40,598.70,827.30,235.70,106.73,100.29
2007.00,6.00,9.00,93.51,167.16,58.30,54.56,54.10,61.28,53.90,118.75,189.58,163.15,240.19,102.71,88.19,158.12,205.54,80.51,134.71,115.06,368.47,235.39,270.38,268.34,232.47,171.86
2007.00,6.00,10.00,126.53,55.17,65.60,55.72,46.82,158.58,41.33,38.41,89.97,65.47,396.57,429.50,315.36,438.31,427.22,161.42,211.82,241.95,35.67,143.81,128.50,166.46,413.14,147.88
2007.00,6.00,11.00,77.95,47.23,44.48,45.75,41.10,45.44,216.83,316.60,299.23,238.49,226.35,39.12,44.21,41.84,36.18,43.30,37.45,43.15,52.13,173.89,42.91,185.06,151.81,117.97
2007.00,6.00,12.00,188.78,38.67,30.72,40.27,37.12,32.88,81.08,65.54,84.77,86.06,222.69,78.02,87.24,36.87,42.32,43.08,177.49,63.67,409.12,367.42,110.42,355.71,203.59,132.32
2007.00,6.00,13.00,41.83,157.06,37.78,45.59,35.18,39.65,70.53,256.90,280.54,151.67,45.90,72.62,90.92,72.39,263.20,134.43,50.24,33.11,101.60,222.04,277.00,234.65,251.24,77.69
2007.00,6.00,14.00,39.44,33.36,43.72,37.41,32.94,38.09,95.71,325.37,250.86,243.02,121.72,35.31,40.19,39.61,34.53,41.12,36.78,42.27,364.25,636.73,442.59,272.08,265.17,620.68
2007.00,6.00,15.00,308.53,50.85,45.36,44.32,40.83,32.75,187.87,202.83,393.39,134.48,50.54,164.37,40.79,34.60,33.23,36.70,54.96,90.10,375.28,136.61,302.37,258.17,147.43,82.00
2007.00,6.00,16.00,57.88,52.64,42.23,43.03,43.26,153.21,87.58,54.10,129.78,233.85,432.33,314.50,317.92,380.85,352.61,376.62,358.29,435.13,559.23,492.91,657.98,414.74,288.95,343.68
2007.00,6.00,17.00,191.96,283.50,251.09,152.05,40.91,35.69,46.13,30.30,40.45,230.79,264.98,342.77,158.38,518.00,461.60,150.87,435.10,223.60,785.61,603.34,449.07,507.16,144.97,42.98
2007.00,6.00,18.00,48.04,45.26,37.60,27.32,33.82,33.55,141.33,253.82,278.38,243.73,95.80,39.49,34.20,31.58,37.92,33.72,40.25,31.02,39.92,164.30,212.91,107.79,143.85,71.49
2007.00,6.00,19.00,110.93,145.12,27.97,38.46,31.32,37.63,265.44,345.73,162.90,130.76,73.87,65.11,193.07,33.67,43.43,39.06,50.16,52.26,95.42,149.54,144.56,309.40,116.54,109.16
2007.00,6.00,20.00,31.60,41.04,30.87,35.23,31.92,31.74,113.90,329.02,288.14,167.43,48.76,70.91,84.91,75.57,118.14,235.15,83.60,42.44,42.09,313.20,402.53,637.94,219.04,51.18
2007.00,6.00,21.00,40.18,36.00,37.68,48.46,49.68,83.47,394.16,267.69,221.39,52.04,41.99,35.62,36.57,53.27,52.08,44.84,36.44,53.66,138.29,62.39,80.57,257.76,426.76,97.80
2007.00,6.00,22.00,57.41,52.19,44.40,38.69,84.14,136.62,125.30,161.49,239.98,182.95,51.80,48.47,41.98,37.95,36.26,49.48,49.15,43.59,110.20,87.16,50.14,50.24,43.76,35.51
2007.00,6.00,23.00,34.74,50.25,48.49,38.80,34.58,46.30,202.44,47.49,36.23,35.24,40.97,80.93,51.48,35.04,34.88,46.83,50.27,239.62,179.89,42.38,51.65,52.07,46.86,40.20
2007.00,6.00,24.00,38.46,55.10,73.18,41.87,196.01,42.73,52.73,50.85,40.25,39.30,43.36,52.03,61.22,38.81,71.42,238.45,221.16,250.59,119.22,79.27,86.47,114.89,155.05,183.43
2007.00,6.00,25.00,83.97,46.13,49.85,41.72,34.06,34.88,130.93,306.68,242.97,237.08,58.86,48.02,47.12,39.33,34.49,40.28,59.28,63.92,163.97,41.29,187.77,702.78,534.15,289.99
2007.00,6.00,26.00,133.79,119.50,42.88,53.32,47.90,36.61,99.76,280.94,257.47,193.48,35.87,40.20,50.35,44.08,35.06,37.68,48.73,48.93,162.93,85.15,90.14,151.44,701.50,303.97
2007.00,6.00,27.00,43.68,53.71,48.17,41.08,40.96,54.05,249.87,459.33,403.79,258.39,250.68,52.80,36.89,73.85,95.44,45.78,37.38,42.82,64.34,545.94,601.60,905.57,372.85,81.82
2007.00,6.00,28.00,66.00,56.26,44.52,46.02,57.77,76.48,132.88,113.78,101.86,285.84,332.41,245.43,245.96,179.81,49.11,43.65,43.33,56.33,358.43,549.56,510.24,271.03,283.89,101.67
2007.00,6.00,29.00,132.33,38.35,40.09,50.97,47.88,36.90,34.78,49.68,267.48,40.59,94.85,390.28,348.51,303.92,96.05,69.05,73.86,101.35,299.20,416.40,252.40,614.48,298.24,184.08
2007.00,6.00,30.00,51.12,49.73,39.11,36.30,53.00,60.88,366.46,247.88,176.45,44.69,40.85,44.69,69.69,52.69,58.03,80.69,284.69,400.34,289.07,568.64,465.40,338.92,243.40,320.44
2007.00,7.00,1.00,491.14,195.16,155.57,56.62,101.53,96.85,85.80,87.17,103.06,179.20,258.12,255.68,100.59,47.90,70.72,71.70,61.68,53.94,187.29,122.10,119.57,177.98,207.43,83.22
2007.00,7.00,2.00,49.93,42.97,33.82,36.88,49.64,45.71,109.86,268.50,89.42,42.11,34.70,38.25,47.94,41.49,32.27,37.91,148.92,73.29,38.62,134.33,410.09,525.21,611.66,230.77
2007.00,7.00,3.00,99.58,66.21,60.21,55.38,49.27,53.60,61.08,409.03,257.79,246.88,59.62,52.61,46.07,47.46,57.19,50.83,45.24,51.75,167.57,117.98,131.73,267.63,777.68,246.77
2007.00,7.00,4.00,161.98,45.09,52.19,60.28,48.80,45.58,131.89,549.07,259.83,248.50,80.34,54.71,48.27,41.43,48.27,56.16,42.76,39.84,163.14,497.33,199.05,79.21,76.58,263.39
2007.00,7.00,5.00,67.06,62.48,54.41,46.22,47.25,45.73,43.37,211.25,262.26,255.35,56.64,35.14,39.28,55.36,52.17,60.30,50.60,50.71,118.75,370.65,395.16,325.50,532.48,232.43
2007.00,7.00,6.00,101.40,54.57,45.64,35.32,37.42,110.96,92.92,137.12,182.17,111.28,38.69,34.74,35.48,37.38,44.98,51.44,51.06,50.47,223.41,285.81,503.54,841.42,304.62,98.85
2007.00,7.00,7.00,497.00,497.46,120.68,39.52,46.11,47.99,36.93,266.76,297.97,225.91,40.26,60.71,61.93,232.34,289.39,103.20,47.35,164.33,172.09,111.30,356.74,286.79,307.41,148.14
2007.00,7.00,8.00,73.57,67.84,208.52,267.63,142.78,54.16,41.83,42.51,55.98,43.49,148.45,313.00,164.34,155.68,180.21,54.42,41.62,413.21,263.37,135.17,130.50,50.79,163.69,362.16
2007.00,7.00,9.00,311.60,54.12,44.20,37.64,50.91,43.66,42.69,280.32,239.57,254.41,252.48,267.06,130.07,63.14,52.34,53.31,213.90,47.77,74.96,94.51,140.56,232.58,516.03,376.03
2007.00,7.00,10.00,256.84,60.82,42.21,44.06,52.61,41.36,42.38,383.05,250.27,80.68,50.95,40.85,39.45,44.79,45.97,134.17,65.60,50.55,40.09,135.61,118.66,244.78,640.65,75.18
2007.00,7.00,11.00,45.52,40.75,51.05,40.48,38.01,115.96,149.43,180.15,354.70,353.01,241.45,86.10,43.44,36.70,47.43,44.22,37.77,52.24,112.05,123.59,44.92,47.45,40.26,44.44
2007.00,7.00,12.00,100.80,155.52,44.76,45.31,38.49,43.45,47.02,76.78,229.78,149.00,36.00,42.94,46.63,58.17,41.24,48.76,38.23,206.36,172.94,423.92,403.71,563.05,408.32,89.71
2007.00,7.00,13.00,61.87,42.71,43.85,60.35,41.91,43.22,58.38,342.10,293.95,261.16,153.42,41.61,55.92,40.32,44.81,53.98,49.41,41.22,84.60,236.54,160.98,97.60,180.39,117.27
2007.00,7.00,14.00,218.54,53.79,37.35,43.85,45.52,36.12,43.49,94.08,122.23,154.88,352.81,356.86,92.40,75.89,323.40,155.70,261.86,114.89,181.30,738.94,183.69,139.36,324.06,77.42
2007.00,7.00,16.00,97.58,47.59,52.17,55.43,42.79,52.66,88.96,270.82,247.89,70.86,45.87,48.59,64.76,141.06,136.75,158.27,40.48,78.49,137.88,179.24,244.00,150.98,258.06,91.00
2007.00,7.00,17.00,50.71,47.85,39.02,51.05,46.02,40.47,90.20,188.45,396.83,147.33,45.36,39.59,46.03,47.64,38.39,46.20,49.29,38.48,183.67,105.25,130.49,191.67,255.54,46.67
2007.00,7.00,18.00,43.96,48.56,38.51,40.14,49.75,35.27,123.03,380.45,415.94,320.23,232.33,40.50,42.59,47.84,37.51,42.24,49.49,45.98,75.99,173.47,39.32,45.46,76.57,39.99
2007.00,7.00,19.00,42.65,50.51,38.65,41.73,51.41,119.03,215.32,135.00,176.42,42.29,50.69,39.19,39.28,53.24,37.07,42.25,51.38,74.70,165.58,136.11,296.41,157.11,66.82,102.32
2007.00,7.00,20.00,41.41,55.32,42.27,39.11,51.75,171.74,38.73,107.42,54.13,263.45,179.32,68.68,112.72,165.39,79.29,123.67,65.97,203.99,553.99,382.02,213.48,276.45,298.92,55.75
2007.00,7.00,21.00,37.02,43.69,43.38,36.43,43.36,44.16,82.33,333.82,273.68,138.29,81.72,254.83,164.77,208.37,219.85,54.82,72.64,100.77,296.51,282.16,173.55,66.52,63.32,364.29
2007.00,7.00,22.00,103.82,128.88,38.92,36.81,38.61,35.90,36.57,196.90,48.02,74.01,505.26,597.40,373.41,270.25,291.30,55.87,51.61,120.67,105.58,378.35,68.05,361.67,414.59,185.27
2007.00,7.00,23.00,44.54,38.69,43.39,40.13,38.50,40.83,128.83,41.94,90.26,105.14,283.14,236.74,532.13,80.99,145.77,101.03,204.51,55.59,85.02,161.99,287.89,229.72,200.08,36.17
2007.00,7.00,24.00,36.20,32.96,133.41,37.27,34.20,33.19,35.33,280.65,286.69,235.68,232.27,145.99,38.02,36.66,36.78,38.86,34.89,45.43,69.59,283.61,79.32,142.48,132.45,247.07
2007.00,7.00,25.00,51.01,44.07,167.62,45.69,39.23,39.38,84.91,153.50,185.28,36.63,36.30,36.29,34.84,38.21,37.93,35.85,36.68,97.27,118.65,39.80,36.99,35.21,70.86,48.97
2007.00,7.00,26.00,36.76,70.80,148.85,36.78,38.41,37.43,75.83,133.19,328.45,314.06,36.36,37.78,35.35,35.44,37.03,37.80,37.23,41.77,191.68,487.07,346.04,380.24,69.11,41.22
2007.00,7.00,27.00,38.12,156.86,35.97,38.45,36.68,33.59,35.39,385.40,318.10,323.10,35.23,38.02,35.84,35.44,92.29,271.10,260.26,259.54,138.25,149.20,269.99,356.16,442.96,161.30
2007.00,7.00,28.00,87.98,39.00,40.06,38.85,42.28,34.80,39.71,81.77,160.85,129.04,246.36,330.28,427.85,532.16,318.46,379.46,293.93,403.24,215.71,588.70,443.75,271.61,140.63,37.30
2007.00,7.00,29.00,33.38,34.04,35.83,31.47,36.25,32.63,34.26,144.35,32.21,33.89,33.72,32.42,32.43,32.86,32.34,33.91,33.64,31.95,115.45,95.93,31.84,33.65,32.96,32.64
2007.00,7.00,30.00,33.84,32.72,32.32,34.05,32.45,31.74,182.19,59.95,30.69,34.22,33.06,51.29,32.61,33.68,29.18,32.97,34.49,38.00,234.65,147.49,56.45,46.60,83.88,173.79
2007.00,7.00,31.00,53.03,32.58,33.00,32.15,33.19,33.29,30.78,32.81,33.57,29.98,184.72,48.05,411.88,233.25,52.55,70.32,169.95,64.43,81.20,178.64,378.35,241.80,163.60,43.36
2007.00,8.00,1.00,32.48,34.64,44.76,34.58,239.94,158.02,97.49,31.97,209.50,423.06,291.12,284.84,245.84,231.48,341.79,250.90,320.90,67.07,36.51,39.03,32.52,37.48,34.93,33.02
2007.00,8.00,2.00,38.12,385.56,188.07,35.86,35.68,34.82,32.63,36.90,34.47,122.54,285.07,318.76,254.31,230.15,227.77,234.63,35.89,35.28,34.81,34.14,34.72,32.32,250.32,393.41
2007.00,8.00,3.00,210.91,97.88,118.83,95.87,56.27,31.64,34.81,175.78,232.00,290.06,264.52,336.95,337.47,231.54,236.94,243.98,44.56,42.37,40.79,41.96,44.87,38.48,41.44,200.57
2007.00,8.00,4.00,222.88,99.14,89.97,234.25,35.96,31.03,32.90,36.04,87.44,269.61,362.63,390.09,291.01,269.66,267.71,126.01,67.30,71.87,65.31,70.15,65.43,70.33,67.26,434.47
2007.00,8.00,5.00,355.33,171.97,40.63,42.75,44.52,37.86,39.72,39.67,42.42,257.66,332.57,330.00,243.52,99.42,35.04,39.87,34.60,39.76,36.88,36.82,38.79,34.68,95.61,113.57
2007.00,8.00,6.00,190.23,289.71,115.83,36.69,35.53,38.89,35.04,253.55,349.95,437.52,361.76,342.33,244.68,145.03,47.46,42.76,41.97,43.28,42.39,45.38,39.23,43.13,38.58,316.09
2007.00,8.00,7.00,420.88,147.51,43.24,44.71,47.69,30.48,34.30,32.90,263.38,292.31,365.74,290.05,257.37,230.69,291.09,275.76,347.43,391.45,257.71,154.39,155.57,155.27,158.14,181.78
2007.00,8.00,8.00,393.29,235.66,230.31,103.41,34.38,32.83,34.29,32.89,116.12,415.12,524.11,342.50,250.53,245.66,245.43,82.42,41.98,47.24,41.53,40.10,44.18,39.16,42.95,78.30
2007.00,8.00,9.00,529.28,201.98,35.02,38.59,38.44,34.74,32.34,117.09,299.95,226.99,457.61,546.30,368.06,230.88,73.09,29.97,34.11,32.73,29.35,32.79,35.09,28.95,31.95,32.48
2007.00,8.00,10.00,212.94,103.09,32.18,28.77,35.09,32.00,29.83,32.02,322.73,397.09,456.83,340.69,230.79,237.59,234.19,145.16,40.48,37.43,34.40,40.70,36.69,34.24,40.13,239.39
2007.00,8.00,11.00,267.10,38.81,37.66,34.85,37.81,39.23,34.89,37.41,188.22,344.41,339.37,512.78,239.01,237.74,231.51,232.66,236.27,149.08,32.69,34.56,30.30,33.36,32.31,181.33
2007.00,8.00,12.00,156.10,53.14,177.16,59.10,30.65,30.95,34.68,31.85,206.29,413.46,353.20,238.97,233.47,165.01,33.99,33.21,33.01,34.26,33.28,33.85,32.67,200.74,544.73,912.75
2007.00,8.00,13.00,390.44,245.10,122.99,39.57,37.02,39.53,38.91,65.79,286.86,282.08,297.47,235.22,228.12,229.03,233.67,232.55,77.57,33.50,33.17,33.78,31.59,36.42,160.73,373.65
2007.00,8.00,14.00,185.78,32.27,34.35,32.84,34.51,33.49,29.75,42.57,305.82,286.38,462.75,236.88,239.93,199.24,38.04,43.16,41.12,41.27,41.82,42.23,42.96,38.78,233.95,369.56
2007.00,8.00,15.00,405.43,289.79,154.59,40.36,38.18,40.47,40.79,31.25,79.00,269.85,556.79,476.57,279.36,242.48,242.64,231.13,32.39,36.74,35.00,32.63,36.04,33.07,35.93,251.81
2007.00,8.00,16.00,327.63,110.45,55.75,34.59,29.83,37.39,31.72,130.05,390.46,330.63,314.71,346.36,247.22,125.00,36.49,37.05,31.18,37.06,34.26,33.05,34.89,34.01,35.94,320.56
2007.00,8.00,17.00,538.66,243.54,142.98,34.81,33.43,33.93,264.39,619.30,394.38,239.12,178.42,35.41,30.26,34.24,33.43,32.88,32.77,33.69,34.44,30.46,195.40,33.29,30.82,34.93
2007.00,8.00,18.00,32.70,32.50,32.83,32.08,34.91,30.36,31.80,57.10,183.86,33.31,30.74,33.04,34.18,29.33,34.00,33.29,32.65,34.00,29.34,135.57,118.12,31.65,33.26,31.54
2007.00,8.00,19.00,34.78,30.84,31.85,35.93,30.26,33.95,31.14,182.07,79.56,29.14,35.10,31.98,31.81,61.84,85.52,465.24,727.95,443.68,529.02,550.74,543.88,469.90,131.44,41.04
2007.00,8.00,20.00,35.41,34.70,39.88,37.22,34.35,32.67,33.80,275.82,179.18,254.24,300.60,86.65,431.08,284.48,150.61,363.11,405.14,189.76,176.65,419.61,235.73,67.63,115.66,210.77
2007.00,8.00,21.00,41.80,39.67,42.74,38.07,36.10,37.55,35.10,201.20,283.17,89.09,35.17,35.96,34.19,34.05,36.09,35.33,33.32,68.13,126.68,69.75,216.22,336.57,163.80,39.46
2007.00,8.00,22.00,39.41,160.72,37.13,32.65,35.47,32.65,33.30,120.53,328.57,257.06,231.15,35.36,32.60,34.76,33.19,32.72,36.36,33.90,466.33,637.95,424.03,281.32,402.86,211.18
2007.00,8.00,23.00,41.25,35.68,118.33,90.17,37.09,34.55,125.59,392.36,392.12,175.04,45.89,44.69,54.57,483.08,259.34,56.17,51.40,77.34,162.58,338.20,133.58,163.90,110.63,227.63
2007.00,8.00,24.00,170.05,68.92,145.42,50.48,38.96,32.67,48.97,122.06,316.05,278.63,227.68,58.57,218.07,284.07,505.63,257.96,64.02,53.43,218.35,553.49,535.98,345.19,295.14,550.39
2007.00,8.00,25.00,690.41,148.46,39.18,46.07,46.39,37.87,43.91,43.51,33.85,205.12,63.90,68.37,65.95,150.54,357.16,392.84,398.64,178.29,320.42,180.91,64.70,69.63,64.31,67.32
2007.00,8.00,26.00,91.69,132.42,67.94,49.02,41.85,35.82,40.78,47.48,38.06,232.80,111.38,434.81,479.46,279.87,741.16,201.36,70.95,74.60,90.41,159.88,296.34,435.41,112.94,49.78
2007.00,8.00,27.00,53.51,50.20,52.34,46.91,49.15,51.57,157.29,210.40,348.79,355.63,256.59,252.17,70.72,49.12,52.16,46.53,47.96,51.42,53.25,45.50,211.72,550.15,324.70,589.75
2007.00,8.00,28.00,444.14,55.94,78.90,52.12,37.51,43.25,34.23,257.14,231.09,161.72,195.28,239.58,159.58,71.45,40.00,144.25,47.74,39.86,57.21,235.22,56.28,78.35,387.77,124.05
2007.00,8.00,29.00,46.26,46.93,42.57,38.98,106.87,84.43,42.41,273.20,356.01,340.09,73.66,34.70,42.97,36.67,39.11,51.71,34.91,46.32,66.58,310.63,188.42,71.64,40.93,39.29
2007.00,8.00,30.00,41.45,104.71,87.47,36.99,37.55,35.76,72.34,114.84,338.01,145.82,36.00,100.40,175.08,159.95,31.61,40.58,37.87,39.30,344.28,562.21,277.01,376.17,603.07,148.59
2007.00,8.00,31.00,84.83,73.65,76.56,74.39,73.76,78.14,171.50,318.29,286.50,310.26,241.91,243.91,100.89,32.83,40.03,34.87,66.99,51.84,79.29,389.53,537.15,397.35,225.34,211.22
2007.00,9.00,1.00,53.83,44.62,40.04,44.69,38.56,43.04,87.06,146.62,90.22,321.12,259.50,107.41,82.78,249.96,366.04,440.24,389.46,299.36,357.41,349.19,298.96,487.11,365.85,622.06
2007.00,9.00,2.00,332.13,97.67,46.30,40.68,35.10,45.22,30.99,46.22,132.76,211.73,92.15,99.49,225.23,374.87,387.30,496.54,390.12,386.23,582.83,189.86,225.95,430.86,221.75,335.07
2007.00,9.00,3.00,109.88,44.51,49.44,46.36,45.86,49.71,89.73,234.64,377.50,515.10,396.08,129.70,52.27,36.88,46.54,43.60,40.89,48.21,77.01,285.43,242.54,242.96,109.01,96.41
2007.00,9.00,4.00,116.36,34.22,49.40,33.86,45.96,35.34,95.78,161.58,272.76,220.40,257.23,310.16,496.17,273.46,141.80,85.31,325.93,245.66,295.87,334.26,530.83,637.35,134.57,68.32
2007.00,9.00,5.00,54.15,38.20,165.52,42.32,42.69,46.11,347.74,432.11,566.13,136.92,39.08,52.30,34.26,52.12,35.09,47.48,38.62,69.32,140.43,157.82,351.67,614.64,321.25,233.08
2007.00,9.00,6.00,230.20,56.60,39.64,36.93,48.76,37.19,224.27,376.35,246.69,78.73,36.15,39.51,44.94,36.58,44.42,40.70,35.82,83.93,115.60,78.98,54.03,521.16,383.26,68.66
2007.00,9.00,7.00,34.14,155.95,59.90,36.93,43.43,29.87,291.18,363.86,368.07,348.92,238.56,245.62,203.39,38.69,45.61,35.12,49.35,40.15,53.58,524.73,492.15,439.16,155.26,93.41
2007.00,9.00,8.00,63.49,34.34,49.51,33.18,42.08,39.71,157.77,70.42,113.64,239.28,193.78,297.97,70.12,150.04,66.39,565.47,489.49,291.01,287.91,179.55,444.71,524.79,285.41,134.41
2007.00,9.00,9.00,63.27,39.00,42.06,44.88,36.55,51.65,32.58,145.57,129.70,83.39,145.15,329.01,426.94,287.49,612.42,296.04,223.07,122.16,359.38,557.02,419.63,505.62,267.69,292.68
2007.00,9.00,10.00,254.03,111.04,33.86,45.13,33.13,44.27,297.74,363.58,48.48,33.17,50.01,33.78,42.46,43.49,37.90,59.47,138.65,41.15,62.11,132.22,654.83,697.11,332.85,77.34
2007.00,9.00,11.00,39.71,46.14,35.02,37.15,43.51,30.94,202.56,201.47,41.84,37.65,33.95,44.00,32.04,91.05,56.09,150.61,251.72,140.01,50.72,46.68,203.25,474.96,658.33,279.18
2007.00,9.00,12.00,253.16,248.73,245.10,37.20,45.35,39.16,107.59,291.91,226.79,47.17,34.04,137.91,48.91,60.70,45.56,39.16,44.27,235.08,66.37,93.72,370.68,666.10,653.51,188.90
2007.00,9.00,13.00,47.56,40.81,35.25,45.55,36.89,42.14,126.87,338.66,339.51,49.28,44.42,31.89,111.26,185.72,114.68,145.61,131.40,136.50,103.72,125.99,406.18,709.09,346.97,67.05
2007.00,9.00,14.00,78.62,66.36,70.86,73.82,96.94,164.93,240.55,414.28,370.67,234.22,193.96,40.83,34.75,47.79,36.94,41.24,45.62,39.90,47.35,121.40,443.09,384.08,251.31,187.67
2007.00,9.00,15.00,94.06,176.08,45.97,53.40,55.41,49.08,232.47,354.82,353.96,255.14,160.27,48.70,73.43,60.41,235.82,256.93,46.79,59.77,50.51,41.54,358.66,168.81,202.02,161.31
2007.00,9.00,16.00,76.53,42.80,39.40,157.97,46.01,32.87,35.63,44.45,50.45,101.51,195.68,428.04,139.09,139.47,283.92,319.21,146.05,249.40,423.69,415.10,751.16,603.13,397.46,304.39
2007.00,9.00,17.00,89.54,46.91,40.80,39.48,48.56,34.17,149.94,256.05,408.49,192.33,44.25,31.79,46.80,36.51,39.63,43.81,40.50,34.81,211.01,647.62,388.90,1129.66,553.55,241.24
2007.00,9.00,18.00,41.69,33.24,46.48,32.20,36.67,42.23,286.77,443.79,326.37,136.03,41.06,36.50,34.63,41.85,33.04,41.56,36.81,204.60,449.49,234.73,251.56,374.98,452.81,173.30
2007.00,9.00,19.00,41.18,42.21,34.66,36.30,42.29,34.93,281.44,332.85,236.58,221.72,40.94,30.78,45.80,58.49,309.55,270.05,321.42,583.41,197.40,170.19,402.56,347.58,134.24,46.34
2007.00,9.00,20.00,38.35,140.69,29.65,46.65,30.61,38.21,177.60,437.63,392.21,341.09,237.74,65.72,29.28,42.38,39.56,32.50,46.22,34.30,31.55,162.74,386.85,528.86,460.50,350.41
2007.00,9.00,21.00,114.20,34.74,35.35,41.20,34.49,30.65,300.60,377.61,241.32,242.45,105.93,36.25,40.83,29.73,43.59,35.02,32.73,44.26,64.47,695.98,639.84,506.11,274.76,64.18
2007.00,9.00,22.00,34.24,39.15,45.69,37.11,36.86,42.84,156.31,92.02,360.02,245.28,236.91,127.78,101.07,143.94,397.69,234.29,262.90,65.05,77.81,185.66,264.40,529.35,91.80,52.60
2007.00,9.00,23.00,47.25,47.58,46.92,45.93,99.30,99.39,48.39,68.90,166.83,194.84,340.40,143.77,125.82,79.63,68.77,188.58,298.08,262.55,263.39,509.90,647.03,502.97,318.95,39.32
2007.00,9.00,24.00,31.49,36.04,31.67,35.07,32.03,44.01,269.85,393.80,251.19,247.65,45.31,44.46,45.02,45.25,45.61,326.71,378.12,519.32,119.40,199.41,684.55,516.77,69.11,34.40
2007.00,9.00,25.00,31.77,43.97,99.87,67.58,37.24,35.14,128.61,474.38,659.29,361.38,356.37,351.31,323.03,155.84,154.35,157.00,150.06,145.18,148.07,153.00,589.21,536.81,475.79,156.20
2007.00,9.00,26.00,65.18,50.29,56.66,53.75,56.80,58.69,323.04,407.66,403.47,298.77,71.29,478.06,329.85,53.22,63.16,322.22,367.88,229.90,255.28,322.90,460.87,949.67,179.16,139.18
2007.00,9.00,27.00,119.41,60.93,57.00,57.86,63.59,51.09,57.85,517.24,584.09,376.19,269.59,188.21,50.64,55.86,62.00,53.81,204.48,65.42,57.66,209.38,451.61,594.92,258.52,103.86
2007.00,9.00,28.00,64.11,50.01,169.85,66.51,52.76,52.45,336.46,420.43,701.99,497.24,547.94,494.84,274.05,286.74,109.67,62.88,77.18,109.82,121.08,217.20,230.83,327.30,174.52,70.36
2007.00,9.00,29.00,58.47,52.32,67.19,64.19,54.17,55.81,68.92,225.38,388.15,301.93,273.96,430.34,591.19,546.53,181.84,297.80,629.31,406.22,301.48,438.36,647.09,474.39,687.51,295.78
2007.00,9.00,30.00,65.38,61.49,51.27,67.85,57.29,55.47,59.66,261.60,72.68,363.80,330.53,556.05,189.53,102.63,254.72,121.18,66.02,193.97,135.33,417.95,552.14,391.54,280.35,268.76
2007.00,10.00,1.00,89.81,56.39,61.22,49.42,54.69,60.79,120.22,307.94,280.04,654.74,631.73,280.74,66.66,56.19,66.46,63.00,239.21,272.19,241.83,362.59,276.26,352.70,531.28,472.86
2007.00,10.00,2.00,391.64,98.27,62.77,69.18,58.93,54.38,60.58,326.38,422.81,361.03,400.64,436.02,279.35,344.15,412.51,547.51,516.21,352.23,451.50,443.27,376.21,383.52,295.76,72.90
2007.00,10.00,3.00,52.97,70.10,55.42,149.64,60.84,61.54,235.49,483.58,356.05,227.71,57.09,97.29,89.21,296.46,352.72,85.68,55.10,53.56,198.01,281.34,94.53,550.32,169.36,69.05
2007.00,10.00,4.00,65.09,62.60,57.69,60.11,192.56,56.29,236.48,379.95,391.11,261.16,259.91,259.09,261.41,61.99,56.25,55.76,75.06,57.88,213.99,627.69,668.57,370.65,191.30,61.75
2007.00,10.00,5.00,59.83,56.69,55.38,56.46,53.95,169.81,208.81,319.20,300.63,301.40,382.85,320.94,268.88,267.04,202.77,62.43,64.70,65.70,75.26,364.92,392.85,230.15,223.20,72.25
2007.00,10.00,6.00,77.32,68.34,51.11,59.45,145.15,90.70,54.13,126.09,338.61,263.67,281.99,504.59,166.07,170.81,283.56,354.33,101.99,257.65,524.25,487.07,385.15,377.18,331.47,264.20
2007.00,10.00,7.00,88.83,82.73,78.52,78.66,76.67,165.40,64.70,62.62,129.48,79.90,210.36,429.74,453.50,614.40,414.83,428.88,352.17,206.97,201.80,622.27,795.54,691.41,311.67,272.28
2007.00,10.00,8.00,67.94,67.67,62.98,60.41,60.10,61.85,98.19,291.73,271.69,67.53,63.94,74.53,79.24,81.38,110.18,69.67,60.51,129.29,127.72,268.08,315.34,529.61,342.94,232.60
2007.00,10.00,9.00,62.26,56.93,57.36,59.10,56.98,58.93,384.84,448.70,257.18,263.98,132.20,53.78,58.58,61.15,101.93,526.35,536.88,409.24,283.46,197.61,311.69,781.37,306.68,73.22
2007.00,10.00,10.00,63.63,62.02,60.49,55.61,57.70,62.88,199.91,167.32,390.09,152.80,68.54,58.22,104.90,156.60,77.55,65.54,58.31,58.32,66.52,380.13,615.12,628.02,149.24,71.11
2007.00,10.00,11.00,72.90,61.09,63.54,61.99,131.44,97.10,102.37,421.96,402.92,258.39,262.17,263.89,106.40,85.19,71.20,71.19,61.06,60.74,60.61,484.77,850.50,781.43,465.16,388.74
2007.00,10.00,12.00,168.20,65.65,62.29,67.60,66.11,59.84,294.31,401.50,421.25,362.17,505.47,402.01,701.54,521.85,88.92,68.63,67.64,77.26,341.04,501.90,411.99,445.49,124.29,57.44
2007.00,10.00,13.00,56.50,58.76,58.35,56.83,57.90,57.96,56.38,338.56,448.43,270.23,264.48,82.72,62.96,138.73,76.48,185.21,144.80,343.36,316.07,932.12,1003.42,474.37,531.12,308.76
2007.00,10.00,14.00,225.07,223.43,71.64,135.27,114.13,53.78,59.52,59.22,128.29,209.80,349.69,276.75,355.98,439.43,821.24,564.87,402.96,131.94,210.22,664.02,542.55,399.30,259.80,67.15
2007.00,10.00,15.00,57.79,60.12,57.46,57.86,101.29,108.33,204.05,491.34,271.68,261.52,261.00,262.44,144.01,57.88,54.98,63.10,58.95,57.59,152.08,239.24,595.68,382.98,89.61,65.74
2007.00,10.00,16.00,60.75,191.99,52.84,60.63,56.65,52.05,176.28,428.21,283.16,260.89,127.42,177.75,339.89,709.70,636.86,424.61,288.46,99.01,89.56,226.74,455.21,439.21,627.42,182.99
2007.00,10.00,17.00,64.26,59.10,57.48,61.78,58.74,57.23,223.11,497.33,449.81,366.78,265.06,272.97,275.24,276.57,91.57,74.37,61.37,57.43,71.24,392.06,489.23,607.02,269.98,76.54
2007.00,10.00,18.00,70.76,70.07,69.86,61.17,63.89,60.64,141.48,277.23,379.51,294.30,259.15,72.24,310.72,111.22,91.69,64.28,59.89,170.55,66.37,324.94,478.34,669.98,542.22,274.08
2007.00,10.00,19.00,221.88,54.43,58.35,59.35,57.09,55.86,273.75,578.02,410.93,325.81,508.15,852.49,580.98,311.04,282.19,275.69,182.77,57.10,160.90,377.34,388.04,279.47,234.63,259.87
2007.00,10.00,20.00,157.62,118.33,58.65,58.78,56.83,55.97,61.88,202.77,385.94,284.73,290.09,351.73,440.94,241.61,493.16,359.83,368.46,302.86,280.58,282.31,279.90,105.39,82.02,129.37
2007.00,10.00,21.00,183.79,63.31,57.90,57.41,56.81,62.09,199.85,84.81,123.43,83.89,62.45,451.95,630.25,639.02,523.49,736.76,336.80,130.10,169.59,452.09,612.51,346.48,241.00,68.62
2007.00,10.00,22.00,65.16,58.14,65.24,64.00,122.34,119.61,268.99,399.03,477.28,411.44,285.33,262.23,261.19,262.80,269.09,273.99,264.23,270.77,135.80,308.84,262.26,238.15,168.08,111.64
2007.00,10.00,23.00,216.30,57.79,59.24,52.40,59.51,54.21,58.66,389.95,460.57,272.26,267.21,263.15,193.16,54.27,58.10,70.62,568.94,887.92,414.05,493.61,534.53,432.55,386.51,125.03
2007.00,10.00,24.00,161.72,60.79,57.10,57.71,62.31,56.26,59.47,276.70,371.45,268.48,270.25,509.06,213.99,68.91,199.16,179.86,67.89,90.91,294.20,743.80,626.90,643.92,613.97,169.17
2007.00,10.00,25.00,128.35,57.50,53.77,53.33,54.41,53.60,314.61,637.92,489.18,346.65,256.55,256.70,107.85,56.01,70.75,78.45,82.43,181.35,134.57,441.08,557.42,945.55,479.95,247.52
2007.00,10.00,26.00,154.61,95.07,96.23,94.86,97.38,106.89,444.38,532.71,448.05,301.66,298.83,101.00,90.56,102.28,102.76,105.26,91.60,92.04,248.18,402.10,161.53,302.50,155.23,93.10
2007.00,10.00,27.00,90.33,94.75,201.94,111.24,93.57,89.49,93.49,221.03,564.62,628.59,854.13,752.84,531.19,452.04,340.76,264.15,84.09,51.99,74.08,52.77,52.10,53.87,51.36,57.10
2007.00,10.00,28.00,50.91,61.48,180.85,54.43,54.06,50.96,55.07,48.53,52.57,54.27,93.37,50.62,130.21,166.37,49.81,54.49,50.59,49.44,74.39,51.38,51.19,50.76,54.06,91.35
2007.00,10.00,29.00,210.15,50.52,55.50,51.68,49.55,55.05,52.24,48.45,52.78,51.57,51.65,242.37,53.68,48.41,52.42,55.82,51.07,58.14,55.52,50.27,48.68,53.25,217.67,73.95
2007.00,10.00,30.00,56.33,49.90,51.04,53.72,50.45,52.66,51.05,52.81,51.46,202.75,91.82,50.14,187.25,661.17,272.53,267.90,98.02,49.63,54.15,50.62,47.78,54.79,52.80,51.35
2007.00,10.00,31.00,121.88,137.73,51.49,55.63,50.68,51.29,56.49,47.50,51.64,54.78,50.50,233.77,541.54,723.52,340.45,267.69,266.20,288.54,385.96,216.03,53.01,51.35,55.54,58.91
2007.00,11.00,1.00,50.82,54.29,55.43,48.55,53.06,54.00,95.24,204.62,54.83,50.27,46.77,55.74,50.35,50.39,54.73,50.40,51.55,51.02,243.15,50.60,49.74,50.89,50.17,52.19
2007.00,11.00,2.00,51.55,50.72,54.54,48.70,53.06,235.38,59.62,51.94,54.37,47.66,56.47,441.86,523.18,455.40,288.26,266.54,264.97,606.23,251.95,251.64,254.06,249.54,66.47,54.52
2007.00,11.00,3.00,50.25,52.01,52.25,51.81,53.31,50.17,52.32,52.07,177.86,115.96,50.76,53.47,45.44,50.98,54.48,49.92,54.69,55.27,49.66,126.77,163.91,50.80,49.70,52.95
2007.00,11.00,4.00,55.28,51.12,52.10,53.34,52.34,54.10,102.20,189.53,54.17,51.44,53.82,54.21,57.12,52.57,171.58,218.80,155.95,493.16,953.94,576.93,373.34,609.82,316.84,73.09
2007.00,11.00,5.00,70.44,60.67,58.71,62.65,61.17,83.84,185.33,302.65,289.67,283.36,270.14,212.51,60.67,230.88,249.10,173.24,55.27,135.52,391.79,441.91,335.58,330.89,336.08,243.61
2007.00,11.00,6.00,346.47,217.35,234.36,206.59,116.64,57.05,136.49,185.99,417.93,367.36,364.08,633.00,562.37,437.93,280.96,282.39,151.00,144.28,300.43,433.51,566.70,171.58,150.40,70.52
2007.00,11.00,7.00,67.86,57.67,185.34,59.68,52.65,57.22,117.63,416.79,285.00,276.74,266.68,64.28,104.58,199.09,198.93,71.94,212.70,489.67,534.92,883.00,478.44,542.72,259.61,172.29
2007.00,11.00,8.00,59.44,62.15,53.94,60.42,58.83,55.05,65.30,240.27,384.76,307.17,309.53,310.56,149.29,61.24,69.37,65.66,64.84,98.93,271.06,452.74,607.26,657.14,394.44,67.82
2007.00,11.00,9.00,55.57,59.79,58.46,56.94,155.61,73.78,109.01,408.01,355.78,262.65,265.97,298.67,494.61,765.60,553.09,319.38,287.46,294.48,496.92,478.61,346.83,398.43,436.85,94.56
2007.00,11.00,10.00,65.41,57.72,57.30,60.21,52.20,60.36,194.86,217.49,453.35,584.76,351.79,318.17,382.09,317.27,211.66,200.42,174.83,601.33,783.68,825.46,697.58,630.06,615.85,658.73
2007.00,11.00,11.00,627.40,306.04,188.42,90.19,210.80,84.89,82.11,83.59,86.56,236.20,307.95,326.53,340.09,115.85,65.03,222.05,169.42,297.51,391.10,740.77,649.59,364.65,136.28,71.47
2007.00,11.00,12.00,62.64,63.60,170.40,60.44,62.04,62.60,110.68,597.12,507.16,363.89,365.26,266.39,265.67,264.03,267.23,267.51,268.36,276.63,228.19,626.00,937.45,502.87,254.87,226.53
2007.00,11.00,13.00,73.60,57.48,58.85,61.74,191.93,59.73,188.33,476.71,499.71,158.73,65.13,65.77,68.10,310.21,395.87,913.59,633.79,633.38,632.99,454.56,556.86,514.51,128.90,68.28
2007.00,11.00,14.00,66.52,60.48,57.75,60.86,54.67,101.94,222.79,372.59,447.08,282.64,282.55,334.41,269.34,326.63,430.83,304.20,279.85,304.13,319.05,467.30,530.68,441.20,412.18,292.86
2007.00,11.00,15.00,272.42,72.83,60.78,53.34,59.22,57.10,160.92,406.01,411.84,267.13,259.36,237.74,59.03,52.23,101.32,94.22,79.33,61.83,163.03,609.31,410.07,529.68,235.28,183.43
2007.00,11.00,16.00,62.83,54.17,59.00,56.76,57.45,56.38,162.79,549.39,408.80,312.86,278.43,320.55,278.10,742.84,551.99,537.59,494.76,487.93,547.76,363.35,629.97,293.97,130.67,143.43
2007.00,11.00,17.00,184.81,53.91,56.86,58.01,51.44,61.77,53.17,105.67,388.69,280.80,277.98,359.53,355.94,366.54,628.53,437.89,389.70,360.90,967.49,848.91,684.89,560.76,442.57,590.88
2007.00,11.00,18.00,643.21,270.81,175.59,67.98,59.54,61.49,64.70,61.99,220.83,97.71,329.06,477.68,451.98,126.12,205.17,70.99,380.86,378.60,510.34,727.99,830.41,585.08,300.89,69.50
2007.00,11.00,19.00,61.53,52.41,62.31,53.85,59.44,55.42,214.01,444.58,282.16,262.62,260.55,266.46,265.29,265.13,108.56,60.06,53.57,177.81,401.38,667.06,751.53,538.95,236.68,56.54
2007.00,11.00,20.00,170.86,57.72,55.80,57.12,56.14,55.63,222.92,519.59,438.68,271.75,403.87,661.48,286.48,278.59,288.63,433.91,69.84,180.83,259.26,300.86,631.36,464.07,437.53,276.73
2007.00,11.00,21.00,63.04,61.48,68.25,57.86,61.39,62.91,175.75,348.97,395.42,406.04,363.82,107.24,236.73,91.89,64.90,67.40,179.13,259.69,366.76,396.34,606.71,570.34,528.44,219.42
2007.00,11.00,22.00,61.84,55.25,53.56,62.01,51.54,55.76,154.60,466.54,253.97,117.66,270.75,260.63,266.06,278.83,227.94,110.99,112.57,174.17,434.45,902.64,758.69,518.17,503.59,190.83
2007.00,11.00,23.00,55.17,59.95,53.73,61.81,55.68,60.18,469.71,493.18,351.97,263.93,263.78,339.51,813.34,679.63,461.49,281.26,267.35,164.01,200.15,505.42,406.96,692.80,866.90,412.58
2007.00,11.00,24.00,353.28,186.06,138.13,64.80,57.89,61.95,64.70,62.87,388.60,409.19,281.32,744.46,556.11,457.62,293.13,379.98,274.04,264.27,269.03,146.66,230.90,391.68,98.78,58.19
2007.00,11.00,25.00,57.77,58.22,60.42,53.79,62.35,52.79,164.43,109.30,53.64,128.82,114.48,94.07,456.79,321.29,271.67,212.67,58.82,56.58,260.62,614.43,738.81,316.62,205.71,56.98
2007.00,11.00,26.00,60.42,52.67,60.50,61.32,180.57,54.34,90.46,492.84,319.68,300.41,303.29,130.17,335.09,283.68,108.92,63.56,52.68,85.23,163.43,561.63,644.18,380.97,307.89,58.67
2007.00,11.00,27.00,170.55,56.41,59.55,56.00,57.09,56.97,351.23,580.94,580.23,320.47,800.33,849.05,588.85,682.41,444.62,284.72,284.78,214.33,461.85,439.42,494.90,381.31,669.42,308.91
2007.00,11.00,28.00,100.07,72.71,69.08,71.92,68.72,71.45,196.56,550.47,333.81,412.20,391.83,276.58,140.14,77.59,72.16,77.10,67.99,209.00,376.30,413.92,497.46,515.43,273.26,63.77
2007.00,11.00,29.00,58.09,56.18,59.20,56.26,55.52,104.78,139.53,573.37,564.35,428.27,319.01,313.03,292.80,255.82,93.54,55.56,60.84,143.46,219.97,323.39,485.33,626.11,248.03,111.91
2007.00,11.00,30.00,98.11,247.94,91.09,89.65,89.96,87.68,294.47,440.84,454.80,387.65,334.81,316.37,532.05,898.73,608.71,537.89,288.96,116.09,487.98,377.86,454.80,190.83,156.26,70.38
2007.00,12.00,1.00,86.64,77.31,53.77,66.35,177.92,52.97,60.89,272.82,443.34,383.11,592.16,621.65,551.11,541.75,377.35,484.68,324.32,722.78,829.15,580.71,713.14,1012.24,722.71,541.57
2007.00,12.00,2.00,362.58,504.02,409.85,258.52,224.23,227.69,113.65,48.53,206.45,175.15,176.09,380.61,605.84,709.91,750.43,868.58,809.54,400.52,465.18,548.55,420.49,673.63,235.64,95.17
2007.00,12.00,3.00,94.26,89.83,92.46,96.28,85.54,219.26,328.83,405.61,411.86,369.48,267.33,266.74,169.70,56.72,59.62,57.36,61.11,139.19,285.92,622.70,559.11,383.68,380.51,280.86
2007.00,12.00,4.00,252.58,56.11,59.71,54.98,58.98,57.62,314.54,480.92,284.68,138.09,59.56,343.70,798.44,619.58,275.87,144.99,74.08,92.21,310.71,333.30,490.76,997.76,348.26,139.60
2007.00,12.00,5.00,102.37,93.26,92.95,91.12,92.58,205.01,299.05,451.21,331.16,263.82,276.05,599.88,436.26,284.80,284.74,97.40,113.42,141.34,386.16,843.46,575.09,677.60,231.05,97.85
2007.00,12.00,6.00,98.36,87.94,98.40,91.53,89.70,107.69,408.55,444.75,548.10,445.08,338.75,310.05,301.05,295.26,329.90,169.92,53.11,336.55,347.56,506.14,933.35,578.09,717.29,529.52
2007.00,12.00,7.00,193.88,141.84,114.24,64.29,57.54,57.24,118.14,461.78,423.80,273.42,263.30,267.69,499.71,688.31,455.22,250.67,169.91,330.99,256.10,256.42,138.34,60.58,80.49,182.87
2007.00,12.00,8.00,70.62,53.26,63.53,177.62,55.45,59.79,56.30,235.18,518.18,386.36,352.38,355.30,398.94,168.76,147.05,451.67,268.64,257.63,767.19,658.80,1026.69,315.82,290.77,129.55
2007.00,12.00,9.00,78.97,71.88,116.50,60.38,55.34,62.13,57.80,171.52,149.28,80.26,173.53,401.34,117.87,337.26,471.39,394.38,946.98,767.74,828.20,908.16,718.82,315.13,123.66,57.80
2007.00,12.00,10.00,57.80,58.15,56.12,60.96,146.46,60.46,158.03,633.44,356.91,299.39,299.78,299.94,203.38,91.88,89.45,92.51,89.68,277.00,621.19,452.76,509.03,603.56,176.04,79.19
2007.00,12.00,11.00,56.36,58.31,51.69,62.72,173.57,54.64,121.33,298.30,483.60,297.45,296.06,297.05,294.09,638.13,575.56,318.70,415.49,464.76,468.07,524.33,596.62,510.19,360.86,148.63
2007.00,12.00,12.00,52.87,57.23,52.86,57.10,53.49,54.66,190.25,482.48,335.32,314.25,250.05,104.41,108.13,130.21,202.72,216.09,304.23,174.46,474.05,582.85,373.58,405.74,180.75,55.03
2007.00,12.00,13.00,63.98,50.77,59.44,56.98,54.86,146.15,121.43,348.77,477.42,385.91,282.39,302.15,296.68,308.94,96.32,113.06,97.35,224.68,380.73,525.97,815.89,531.82,224.32,99.22
2007.00,12.00,14.00,65.50,58.49,60.28,55.24,88.88,160.05,159.87,518.08,402.14,267.39,266.20,259.51,872.55,674.43,359.55,331.86,315.86,300.03,350.81,332.54,208.41,107.77,130.02,136.85
2007.00,12.00,15.00,186.35,174.59,54.88,59.14,55.15,56.50,57.70,294.50,547.34,290.61,559.90,639.89,292.64,239.66,578.45,284.59,461.53,853.40,800.92,630.25,698.54,487.31,328.09,351.86
2007.00,12.00,16.00,219.97,217.25,221.29,243.34,368.12,222.55,184.34,171.88,246.05,251.98,646.19,422.02,898.41,559.29,485.88,480.87,322.00,487.44,517.32,558.20,741.94,465.04,81.67,53.92
2007.00,12.00,17.00,56.51,52.60,55.51,53.96,53.99,87.56,256.09,587.32,382.35,262.78,261.69,259.53,271.36,262.95,97.90,62.50,51.10,91.82,489.32,697.22,789.97,476.37,185.60,55.97
2007.00,12.00,18.00,128.46,105.26,54.72,53.64,53.37,55.51,146.90,484.52,439.37,386.86,275.30,435.42,889.14,678.02,685.97,457.57,109.22,250.23,543.69,468.29,503.47,773.87,326.60,305.22
2007.00,12.00,19.00,224.91,53.32,53.71,54.50,55.38,52.13,204.60,551.95,460.44,282.97,263.73,315.41,368.41,335.64,343.70,314.06,98.05,392.78,480.76,557.76,516.02,715.83,385.40,127.08
2007.00,12.00,20.00,179.30,69.33,58.35,54.67,54.35,58.20,210.99,200.42,404.31,273.91,269.47,289.21,384.38,413.67,432.89,339.39,298.16,375.92,399.70,527.07,584.57,325.94,136.97,58.91
2007.00,12.00,21.00,56.81,59.95,57.51,88.06,157.71,51.68,228.15,423.25,564.02,287.45,367.04,263.40,264.98,295.60,331.24,278.82,217.33,337.39,479.48,554.12,614.96,370.79,94.31,63.75
2007.00,12.00,22.00,53.24,111.45,118.23,53.36,176.50,56.01,144.60,156.47,492.86,333.47,356.28,269.72,378.37,342.38,836.07,402.97,281.62,253.90,350.31,548.69,970.08,725.64,815.63,343.63
2007.00,12.00,23.00,166.86,139.65,136.30,138.33,139.46,220.87,67.98,100.23,558.61,290.78,300.83,301.81,166.25,152.82,315.37,355.98,175.76,518.10,615.80,1277.81,638.36,450.48,337.62,341.64
2007.00,12.00,24.00,283.91,227.80,58.40,60.50,58.48,58.66,53.39,129.31,470.80,731.92,241.70,385.93,625.53,386.83,479.91,463.88,294.58,786.77,363.01,300.15,303.45,297.42,199.86,149.19
2007.00,12.00,25.00,195.56,89.10,63.84,66.84,58.66,54.61,160.60,124.85,318.94,175.85,404.09,496.27,525.85,771.22,488.11,425.28,558.90,271.94,356.94,397.59,563.28,592.79,905.46,779.66
2007.00,12.00,26.00,283.40,230.67,243.18,248.60,267.33,274.91,265.34,393.20,536.70,478.43,293.61,363.94,515.21,518.27,784.07,572.17,476.85,596.91,486.89,186.39,83.09,73.45,114.98,182.19
2007.00,12.00,27.00,57.21,91.63,163.28,56.29,67.99,56.47,61.51,217.87,262.34,251.35,446.79,286.88,254.76,365.98,386.02,580.00,354.06,492.12,629.64,1019.26,683.03,501.38,680.25,345.85
2007.00,12.00,28.00,77.20,69.41,62.54,66.16,57.91,69.07,163.28,60.20,226.89,286.23,412.31,323.62,330.34,364.94,485.20,989.70,1011.89,1247.42,735.17,496.29,627.20,591.22,774.55,689.86
2007.00,12.00,29.00,777.62,479.69,490.97,466.39,275.51,270.07,256.13,220.97,332.24,333.86,702.57,371.49,342.08,515.27,416.59,300.56,521.89,316.33,649.61,1029.40,476.93,637.55,484.89,160.22
2007.00,12.00,30.00,104.42,96.33,103.27,97.44,54.97,100.31,120.93,55.02,353.88,283.01,269.02,78.34,307.66,600.50,815.14,456.83,506.54,509.88,973.32,561.71,547.40,643.08,559.34,201.29
2007.00,12.00,31.00,64.40,59.85,60.08,56.84,61.63,57.03,128.09,133.30,134.89,240.32,421.11,563.01,752.97,296.71,305.92,314.25,462.47,562.85,658.62,614.56,381.77,308.88,317.81,318.42
2008.00,1.00,1.00,314.52,318.97,487.20,537.90,478.81,488.37,332.88,262.36,270.84,206.97,115.39,522.29,405.75,580.57,358.32,206.63,166.58,407.13,567.27,592.27,565.86,532.72,261.26,77.97
2008.00,1.00,2.00,74.52,69.94,64.12,72.30,171.20,71.55,222.89,421.62,320.34,301.37,319.20,296.98,272.36,283.80,189.94,80.41,75.86,107.02,224.02,332.31,255.34,300.51,445.74,423.44
2008.00,1.00,3.00,87.18,73.91,221.58,69.22,73.41,66.23,160.14,173.49,389.17,157.13,113.77,347.71,268.96,90.90,70.25,129.55,186.37,432.49,469.71,444.18,505.66,240.42,104.97,80.53
2008.00,1.00,4.00,164.93,52.67,63.52,56.24,54.50,64.96,245.26,572.88,583.69,337.54,356.99,293.19,160.02,328.33,155.06,640.77,491.13,751.16,368.40,348.77,550.02,412.52,310.65,159.82
2008.00,1.00,5.00,71.43,60.00,55.19,116.74,97.80,60.68,56.19,58.72,382.27,294.03,315.09,279.43,482.30,414.99,460.08,378.33,282.12,379.42,712.62,617.15,588.32,317.81,330.57,355.23
2008.00,1.00,6.00,286.85,160.69,56.85,58.70,58.62,53.85,60.27,55.74,278.55,126.68,219.71,159.79,257.70,337.45,325.74,346.81,169.82,453.93,467.16,714.73,629.96,468.69,183.10,59.79
2008.00,1.00,7.00,63.57,62.23,62.38,57.48,91.60,139.19,146.27,512.69,557.77,387.62,272.45,267.77,268.91,99.52,59.85,53.98,56.48,95.87,183.09,385.04,669.49,460.72,339.05,273.48
2008.00,1.00,8.00,258.18,53.25,57.08,56.89,54.43,55.06,418.37,523.20,69.37,61.99,54.05,216.86,642.83,859.69,299.53,290.80,284.72,208.71,256.17,366.74,417.05,827.08,296.40,79.48
2008.00,1.00,9.00,101.72,76.59,57.26,57.80,51.41,160.71,250.40,478.23,437.77,273.50,270.54,307.77,286.86,144.02,56.74,69.12,198.26,160.97,364.92,474.45,545.53,618.86,319.30,107.82
2008.00,1.00,10.00,90.93,93.96,86.17,92.38,114.80,192.54,178.52,424.05,532.53,303.51,295.58,299.81,297.53,313.07,297.55,177.38,126.32,107.27,231.07,475.88,646.74,582.25,192.31,65.18
2008.00,1.00,11.00,53.51,58.03,59.50,54.72,201.78,57.44,126.74,185.04,422.37,326.87,320.54,300.78,407.58,290.45,120.48,120.29,124.22,196.73,268.55,284.80,348.05,291.76,602.17,376.94
2008.00,1.00,12.00,127.25,95.38,92.47,97.07,91.25,86.70,94.66,369.61,447.60,194.51,476.21,570.58,237.94,120.31,465.89,316.26,271.42,517.11,1023.51,721.63,676.98,633.43,873.53,824.10
2008.00,1.00,13.00,919.80,738.04,615.85,481.26,404.84,265.90,271.15,264.15,100.23,309.43,196.84,354.67,463.95,449.28,242.72,101.74,157.45,378.64,811.74,747.15,574.65,449.63,119.90,52.47
2008.00,1.00,14.00,58.24,57.33,57.01,133.06,93.24,61.37,124.18,407.71,511.31,369.60,300.45,292.89,303.91,295.44,145.74,95.09,91.02,125.37,221.42,592.33,1011.71,934.57,219.89,143.96
2008.00,1.00,15.00,144.08,80.79,84.28,76.09,76.22,88.12,231.68,475.73,439.45,291.69,305.94,524.75,1031.48,726.40,644.66,421.88,376.73,406.34,515.58,331.78,327.48,497.44,463.75,257.43
2008.00,1.00,16.00,97.37,90.01,86.30,91.64,94.68,87.56,220.70,503.26,390.79,307.85,309.12,371.14,353.49,557.16,643.76,154.85,247.01,139.13,294.62,392.67,494.15,589.83,409.12,84.73
2008.00,1.00,17.00,82.27,73.71,71.85,77.07,75.94,100.29,279.28,206.98,593.21,386.85,284.68,276.75,285.54,255.17,105.67,91.58,99.95,111.38,179.96,437.57,545.35,278.54,164.77,96.68
2008.00,1.00,18.00,86.72,72.49,73.96,82.95,210.86,72.25,203.59,504.17,602.90,408.89,285.01,280.10,283.20,210.03,324.99,297.03,298.44,322.48,489.31,696.82,368.57,368.15,408.28,227.60
2008.00,1.00,19.00,52.38,93.64,58.38,57.31,59.97,58.13,162.39,162.21,519.28,482.95,246.85,73.29,617.62,521.87,406.01,84.63,57.34,608.46,508.14,565.04,518.12,261.54,101.53,223.28
2008.00,1.00,20.00,166.53,63.69,58.12,66.31,64.22,174.54,62.07,60.13,121.62,87.24,147.50,422.42,168.61,313.71,352.67,220.15,266.25,523.16,516.46,449.01,610.64,430.09,266.71,100.90
2008.00,1.00,21.00,86.05,74.62,74.66,190.08,75.90,74.70,258.21,481.84,323.12,310.47,311.38,318.40,297.50,279.02,284.13,85.78,76.08,166.11,254.83,480.37,545.79,637.92,340.93,74.26
2008.00,1.00,22.00,87.38,75.63,73.79,83.70,72.46,218.28,210.87,528.65,465.96,78.82,78.58,75.75,569.62,594.10,809.22,816.56,231.41,101.73,209.55,287.11,712.24,852.49,303.61,94.38
2008.00,1.00,23.00,82.19,76.80,89.07,79.34,76.67,92.07,244.43,542.44,450.12,293.26,283.14,303.82,297.57,296.40,296.58,293.92,395.88,245.91,318.34,391.39,426.29,444.37,88.23,70.44
2008.00,1.00,24.00,53.46,52.50,65.04,50.75,52.41,162.15,158.53,312.45,488.19,281.03,270.81,192.01,63.32,65.53,77.41,74.36,91.26,173.15,550.57,452.09,695.57,451.59,301.60,264.00
2008.00,1.00,25.00,251.60,244.89,108.22,71.48,203.35,83.49,204.40,569.13,413.56,288.90,292.34,218.75,314.86,450.42,585.78,293.92,293.49,162.27,288.39,489.97,405.75,357.33,516.61,243.43
2008.00,1.00,26.00,124.18,121.55,99.68,74.85,76.02,80.11,167.72,208.48,401.53,397.54,396.56,328.93,339.36,219.24,374.34,378.49,374.57,405.55,741.10,1184.42,877.03,660.70,588.83,685.05
2008.00,1.00,27.00,382.02,164.11,105.15,96.83,96.06,95.03,61.40,86.71,234.70,153.61,288.33,470.22,190.50,539.21,398.00,198.01,285.51,396.47,695.53,936.33,758.55,683.63,306.11,196.14
2008.00,1.00,28.00,193.94,187.27,187.37,175.15,95.36,72.37,145.05,431.21,426.93,476.92,542.21,546.77,376.19,318.10,293.34,288.84,152.86,80.13,229.53,500.76,561.59,367.96,511.88,414.94
2008.00,1.00,29.00,346.13,188.59,198.46,88.06,76.88,350.74,160.03,308.00,325.61,381.58,326.71,345.10,777.93,878.49,778.90,526.64,319.91,123.92,137.40,290.34,372.29,535.78,580.37,366.18
2008.00,1.00,30.00,286.16,231.55,532.72,221.77,94.07,84.98,296.72,426.80,317.99,295.29,331.30,290.80,82.63,81.71,83.24,81.18,87.53,75.05,336.98,504.30,90.05,96.76,91.80,364.03
2008.00,1.00,31.00,150.65,83.83,73.78,72.01,74.53,78.96,261.09,440.87,336.41,317.24,247.38,86.24,100.38,178.51,88.94,93.12,95.15,146.84,397.38,368.20,749.78,774.06,669.07,529.34
2008.00,2.00,1.00,422.41,201.28,93.28,86.40,78.58,86.06,194.77,594.65,333.94,92.76,86.16,131.81,135.94,228.05,307.89,312.61,328.69,133.81,131.96,215.88,58.60,188.04,230.48,363.45
2008.00,2.00,2.00,165.00,164.09,56.87,59.03,55.35,56.07,61.45,83.83,495.73,347.81,307.27,331.91,316.09,276.43,448.13,388.41,643.12,440.13,548.74,1279.39,923.51,667.51,853.94,678.45
2008.00,2.00,3.00,549.86,346.99,313.94,78.21,53.39,52.72,59.54,63.54,110.46,110.65,295.37,239.62,450.18,471.01,681.99,318.52,127.28,119.33,399.43,499.39,587.13,631.25,217.08,65.72
2008.00,2.00,4.00,52.96,55.49,62.32,54.93,163.86,52.63,242.61,541.63,384.38,407.32,304.93,253.39,289.44,272.49,176.46,54.40,56.82,66.58,203.01,537.06,418.94,507.13,125.90,59.68
2008.00,2.00,5.00,62.47,54.59,52.75,58.38,53.78,139.20,347.40,516.37,387.46,413.36,266.37,136.12,592.03,763.34,435.84,280.35,325.32,575.80,570.33,572.69,752.78,425.11,267.30,66.69
2008.00,2.00,6.00,64.13,56.34,57.64,63.94,54.44,55.26,243.67,480.07,380.34,389.95,274.38,217.58,106.15,65.05,53.57,71.59,101.25,161.39,273.72,534.44,712.34,680.29,219.74,162.99
2008.00,2.00,7.00,55.73,59.95,55.18,55.63,60.47,52.38,323.65,478.21,301.98,263.47,264.83,258.71,197.97,56.58,97.49,92.96,62.14,65.60,122.90,297.22,686.51,589.35,282.79,202.14
2008.00,2.00,8.00,122.63,53.54,64.95,54.43,98.41,151.30,116.12,264.61,357.44,366.16,305.38,208.61,598.60,543.62,408.58,309.61,216.93,98.76,336.27,310.12,248.91,247.95,395.42,524.37
2008.00,2.00,9.00,167.45,59.35,54.41,51.57,60.95,53.68,54.41,64.13,432.01,286.07,409.01,540.25,457.69,361.46,345.79,346.89,274.78,118.71,251.28,394.37,772.21,763.38,305.08,275.77
2008.00,2.00,10.00,106.93,53.35,53.01,61.30,158.35,64.34,59.21,77.12,154.11,243.74,375.52,75.58,493.10,457.80,264.79,297.89,155.37,438.78,780.97,836.02,774.24,488.12,383.45,318.24
2008.00,2.00,11.00,95.41,69.01,57.92,53.38,60.04,54.39,303.18,611.39,468.54,262.02,265.67,267.81,266.92,67.08,63.19,58.19,53.31,66.43,394.14,608.23,602.55,459.29,286.41,59.55
2008.00,2.00,12.00,54.50,55.01,62.91,183.43,52.20,55.95,205.87,511.22,483.10,358.93,349.17,388.14,402.77,438.15,631.36,495.65,270.06,255.65,223.95,145.78,334.68,357.39,94.50,114.57
2008.00,2.00,13.00,80.15,57.68,56.52,61.79,157.02,79.16,227.45,420.94,278.45,266.34,294.99,402.11,167.18,77.77,161.55,168.56,201.04,390.74,482.34,607.55,517.20,653.32,361.85,66.68
2008.00,2.00,14.00,67.21,57.84,58.72,70.00,58.84,140.38,287.84,491.44,554.90,390.02,268.99,261.98,264.45,261.07,60.05,87.89,87.79,54.38,196.47,336.04,461.28,359.15,206.50,183.93
2008.00,2.00,15.00,207.38,52.91,62.08,51.69,49.86,51.41,175.02,599.50,580.42,292.72,274.21,279.58,281.09,407.23,463.12,283.59,269.55,191.03,184.81,256.72,151.40,761.26,512.17,143.36
2008.00,2.00,16.00,110.73,72.22,60.60,61.85,182.17,81.87,61.00,70.42,236.06,333.99,390.14,297.22,244.16,193.41,634.87,279.91,151.42,566.76,674.44,656.04,762.84,672.24,533.49,376.02
2008.00,2.00,17.00,190.84,129.91,125.35,128.88,108.16,55.89,59.48,132.53,174.52,154.49,461.14,273.00,407.60,201.02,771.98,257.38,98.05,128.96,361.46,441.30,752.33,606.58,244.07,81.35
2008.00,2.00,18.00,59.11,82.97,141.02,58.46,56.45,60.98,272.04,533.42,266.99,271.84,262.36,264.24,265.15,269.13,129.17,55.09,60.46,54.25,100.54,327.13,507.23,598.29,204.64,70.06
2008.00,2.00,19.00,65.62,58.49,60.27,66.19,173.89,86.36,165.62,346.47,447.23,487.81,587.85,671.01,693.08,304.10,282.62,284.77,146.11,199.22,285.83,379.05,409.38,553.84,171.01,55.78
2008.00,2.00,20.00,56.28,61.45,55.72,58.43,58.30,198.95,214.41,601.17,490.34,277.60,276.89,96.26,114.49,131.48,209.94,89.11,263.32,448.51,621.87,928.11,853.22,502.70,471.19,318.34
2008.00,2.00,21.00,98.97,82.82,71.39,55.19,55.47,64.87,275.06,541.84,486.82,261.14,261.92,266.42,249.16,53.10,91.87,93.12,82.46,63.26,341.12,454.67,549.59,433.79,345.04,84.02
2008.00,2.00,22.00,53.02,151.76,112.73,53.20,52.37,60.95,223.45,545.70,532.10,418.64,294.81,143.54,231.72,440.27,477.49,283.96,142.06,72.44,115.42,172.70,428.71,456.57,156.05,67.49
2008.00,2.00,23.00,53.64,51.64,62.47,52.38,109.20,142.20,53.12,93.81,259.76,155.20,188.64,133.36,59.01,505.83,348.70,174.20,119.07,564.91,627.77,777.73,504.22,369.04,337.57,282.83
2008.00,2.00,24.00,269.81,272.08,270.66,267.88,273.14,269.52,187.37,637.99,371.36,262.55,203.29,58.19,51.80,54.10,62.18,52.85,50.86,59.24,70.00,183.64,57.29,51.38,49.61,59.03
2008.00,2.00,25.00,52.80,51.90,61.07,50.97,51.12,197.30,84.35,49.97,58.44,50.26,51.12,59.42,51.56,49.29,57.97,78.92,214.77,67.27,49.26,50.18,60.70,50.15,49.55,57.65
2008.00,2.00,26.00,50.41,51.26,128.90,175.71,50.36,56.16,55.75,51.95,51.67,56.03,49.26,48.48,57.69,159.79,146.14,58.20,51.20,51.11,58.13,49.79,50.42,55.28,51.27,49.67
2008.00,2.00,27.00,153.98,154.30,51.47,50.43,58.45,51.02,51.63,57.12,50.79,50.40,53.18,175.65,119.23,50.86,56.70,50.62,57.06,59.68,49.69,49.66,57.59,48.48,243.23,59.07
2008.00,2.00,28.00,50.31,49.84,57.86,50.85,50.29,56.16,55.00,50.53,140.69,169.25,48.77,49.54,57.62,49.02,61.19,58.30,50.04,50.20,58.65,157.35,141.52,57.97,49.18,51.27
2008.00,2.00,29.00,58.50,50.40,49.73,54.88,52.49,51.55,187.19,113.75,50.10,168.55,417.80,560.89,533.90,320.81,320.46,328.97,297.85,104.93,113.69,105.53,104.42,113.92,107.94,108.45
2008.00,3.00,1.00,112.36,113.72,211.91,197.53,118.45,107.82,110.92,114.83,110.96,108.47,110.76,111.50,109.62,302.57,120.25,110.32,108.62,121.39,109.35,223.93,453.89,175.38,127.20,256.47
2008.00,3.00,2.00,88.18,53.93,59.56,57.52,54.43,56.37,58.68,54.62,51.34,158.45,249.50,582.68,214.73,64.80,295.08,429.42,292.15,87.20,54.61,191.28,270.04,159.66,110.72,120.08
2008.00,3.00,3.00,107.26,108.66,122.40,110.33,109.48,281.45,108.88,109.50,115.66,109.35,112.64,117.92,111.02,110.21,116.00,264.84,149.15,326.26,253.99,112.84,111.92,117.66,112.14,116.04
2008.00,3.00,4.00,121.43,116.75,291.87,120.00,110.97,110.66,120.20,199.41,169.06,90.59,92.80,85.54,310.03,251.64,269.80,309.33,671.88,683.46,303.39,264.03,262.66,267.69,201.48,53.79
2008.00,3.00,5.00,63.00,51.90,53.64,63.29,51.40,50.64,60.31,53.77,244.85,57.88,58.75,54.09,52.90,208.79,429.32,345.85,626.54,396.20,669.96,501.43,405.48,915.57,940.54,331.01
2008.00,3.00,6.00,335.87,307.47,267.33,267.78,272.75,265.38,505.91,680.88,465.40,467.13,377.32,255.88,260.22,268.69,266.21,264.31,269.32,257.94,389.49,257.79,519.40,630.88,256.94,106.51
2008.00,3.00,7.00,51.18,60.31,51.10,53.79,62.16,175.78,198.77,423.49,262.71,173.93,264.52,888.19,368.07,330.08,243.77,113.52,66.04,146.39,82.97,238.71,412.83,625.53,436.34,384.98
2008.00,3.00,8.00,185.50,70.64,62.95,65.62,68.73,61.08,68.56,196.52,124.03,82.32,250.08,115.56,152.66,375.75,389.65,310.31,587.87,624.82,556.56,870.45,743.99,423.25,563.64,430.67
2008.00,3.00,9.00,365.13,395.22,172.71,86.39,64.15,65.50,63.73,60.88,76.17,205.76,161.35,97.18,282.22,220.14,178.32,292.21,109.22,131.97,187.11,366.33,771.75,492.89,208.74,67.13
2008.00,3.00,10.00,71.70,61.54,130.60,125.27,64.25,65.30,296.71,554.44,462.09,271.95,275.14,276.66,280.29,171.14,55.78,69.07,62.43,68.76,77.80,365.05,511.09,477.58,319.40,199.31
2008.00,3.00,11.00,255.40,207.08,55.36,65.33,53.46,51.72,200.59,407.71,145.55,101.82,114.53,381.14,726.28,618.77,391.69,187.08,106.91,133.58,627.21,571.66,479.86,438.18,583.22,317.49
2008.00,3.00,12.00,276.91,266.62,267.07,272.99,152.49,56.11,122.98,277.04,415.92,278.50,494.80,107.23,66.56,187.73,63.18,77.72,59.42,60.31,88.42,566.31,555.17,581.25,351.37,177.79
2008.00,3.00,13.00,55.15,53.36,57.14,65.79,52.17,167.36,163.72,403.39,285.24,282.39,105.66,73.44,61.15,160.42,85.60,69.11,139.15,113.96,410.53,586.20,922.45,987.54,130.55,68.39
2008.00,3.00,14.00,61.17,65.74,63.58,54.38,125.67,91.09,133.66,444.52,399.03,305.61,436.43,364.16,357.48,349.75,388.70,547.88,362.18,307.93,484.29,503.13,461.82,557.76,298.14,90.94
2008.00,3.00,15.00,57.99,65.74,58.93,202.85,54.94,68.81,59.06,158.12,258.11,403.05,423.97,371.10,323.20,306.96,304.96,161.46,147.76,104.59,185.81,286.73,300.48,336.15,442.95,90.47
2008.00,3.00,16.00,234.49,93.56,57.71,55.01,62.66,120.30,117.14,53.96,150.18,88.63,156.67,285.64,321.84,310.26,308.36,241.78,86.03,76.34,599.92,566.87,681.16,567.72,380.85,297.85
2008.00,3.00,17.00,266.56,191.36,62.91,53.39,53.62,52.52,233.17,477.30,273.31,260.93,382.85,618.96,543.04,131.58,75.73,264.52,350.51,107.61,104.73,251.12,403.79,258.10,113.77,71.57
2008.00,3.00,18.00,55.73,56.04,53.24,64.74,64.65,52.55,231.07,360.88,379.38,401.85,290.05,281.38,267.80,78.35,321.04,340.48,732.87,355.32,291.07,392.18,395.89,345.91,391.91,90.03
2008.00,3.00,19.00,69.47,58.50,59.38,65.80,72.65,65.24,304.79,388.01,398.29,381.23,145.66,120.66,207.43,64.54,72.66,69.73,132.16,115.55,135.27,376.62,565.87,271.14,100.37,53.94
2008.00,3.00,20.00,56.06,63.04,62.66,62.48,174.64,53.05,136.36,225.07,322.08,306.46,334.49,370.24,100.28,62.29,55.80,53.59,55.95,68.93,221.52,551.18,354.51,235.74,114.17,73.30
2008.00,3.00,21.00,67.14,62.79,54.08,190.25,79.71,63.66,137.80,351.61,353.23,275.36,274.48,268.94,250.95,104.13,432.31,543.56,715.49,357.08,413.41,396.03,410.95,596.49,290.50,93.16
2008.00,3.00,22.00,71.16,68.66,68.87,68.04,66.34,163.49,68.26,137.71,266.01,254.44,389.15,343.02,227.29,144.91,63.77,58.03,607.66,432.61,567.49,705.67,726.34,569.78,363.16,308.81
2008.00,3.00,23.00,90.00,61.35,64.82,58.22,58.00,58.82,57.25,95.45,272.08,393.25,422.81,282.20,288.76,629.68,678.93,342.77,453.31,331.05,558.15,645.50,971.75,339.23,305.83,175.89
2008.00,3.00,24.00,83.59,91.95,95.04,199.39,58.04,56.17,54.71,118.50,67.91,628.19,308.15,327.41,383.63,329.74,364.18,611.22,137.96,188.96,244.83,500.94,394.60,443.01,511.36,287.85
2008.00,3.00,25.00,55.74,65.51,55.01,52.80,52.67,59.10,262.15,436.59,384.63,371.91,266.41,419.14,381.36,688.99,413.67,287.61,305.08,201.76,114.68,355.67,377.03,670.89,267.16,71.50
2008.00,3.00,26.00,58.14,52.75,53.59,61.92,69.35,172.35,213.92,338.43,264.43,382.86,277.52,521.05,393.34,106.89,55.48,171.65,60.44,148.78,390.61,402.95,458.85,360.84,162.29,183.43
2008.00,3.00,27.00,57.47,130.15,101.35,60.69,58.51,52.58,144.69,354.47,334.02,264.20,263.09,292.96,243.99,57.46,58.10,61.74,64.45,270.25,283.75,189.11,399.79,440.24,213.42,103.25
2008.00,3.00,28.00,53.71,65.47,52.84,116.57,113.21,59.83,166.77,366.20,393.30,425.25,428.16,680.99,406.90,273.49,253.65,56.33,66.86,87.65,99.05,753.52,506.94,507.00,189.91,65.30
2008.00,3.00,29.00,66.46,57.04,56.30,52.67,172.61,59.30,55.29,89.75,313.79,401.11,402.09,580.53,371.05,371.87,294.00,288.62,302.94,516.42,506.63,668.65,731.45,625.41,594.43,533.12
2008.00,3.00,30.00,560.80,454.04,270.23,258.84,168.41,60.89,53.14,54.08,56.77,136.34,273.95,378.45,489.91,455.89,270.96,133.34,236.02,115.94,716.31,317.96,685.03,601.82,213.97,82.44
2008.00,3.00,31.00,71.68,67.63,56.01,56.07,108.34,116.88,90.17,504.01,394.60,265.97,263.37,255.75,64.39,54.35,56.89,61.13,62.10,59.18,59.78,180.64,405.28,517.24,463.03,287.40
2008.00,4.00,1.00,274.96,153.58,66.65,67.86,57.68,54.02,64.26,257.65,293.33,295.38,307.41,303.14,461.53,658.94,766.88,727.43,424.75,196.16,69.92,122.56,446.14,490.58,367.86,59.93
2008.00,4.00,2.00,57.36,57.76,67.17,54.78,58.24,62.18,255.71,394.36,333.34,303.92,294.32,269.13,263.83,169.47,67.88,64.13,139.99,76.55,232.37,529.64,320.73,670.88,460.57,348.59
2008.00,4.00,3.00,59.56,54.71,79.06,181.16,51.13,53.47,306.87,397.07,288.85,276.92,269.35,176.10,53.99,63.63,53.63,95.70,83.23,93.92,122.80,252.17,270.09,267.95,92.21,61.56
2008.00,4.00,4.00,62.38,189.96,53.94,61.11,53.80,52.02,56.47,378.93,446.58,407.90,472.78,270.52,263.83,266.41,199.64,54.83,56.81,72.38,59.26,326.80,421.52,448.99,403.84,276.06
2008.00,4.00,5.00,212.40,53.83,51.14,55.74,63.41,52.54,56.31,186.07,237.85,282.68,91.66,251.68,369.73,419.13,444.35,335.94,423.04,455.01,320.02,420.78,756.53,519.69,255.63,153.88
2008.00,4.00,6.00,84.22,68.64,66.61,59.60,133.36,100.14,61.65,60.69,209.54,236.57,195.69,724.79,533.77,369.68,230.36,78.71,95.17,100.61,177.25,456.39,527.54,448.80,357.96,190.44
2008.00,4.00,7.00,93.96,62.45,84.79,152.48,60.57,62.67,131.45,267.42,405.77,398.71,278.89,282.61,241.61,89.78,108.40,87.67,92.76,70.85,84.73,613.59,491.52,536.91,277.87,73.76
2008.00,4.00,8.00,63.92,62.98,67.34,97.20,153.10,60.79,298.22,689.16,552.08,423.66,849.05,921.50,728.30,708.32,316.99,284.54,279.97,287.23,283.05,443.04,477.69,363.11,203.90,108.17
2008.00,4.00,9.00,156.17,68.42,60.49,60.38,69.81,63.19,101.09,561.64,289.82,272.52,269.91,278.62,175.17,73.91,63.00,65.79,69.37,59.64,63.81,286.16,294.99,284.86,249.45,62.67
2008.00,4.00,10.00,65.96,74.51,61.39,59.03,58.77,59.43,298.18,492.97,421.89,395.66,183.96,68.49,70.61,62.71,59.77,59.71,64.82,86.03,193.06,230.88,477.14,370.27,448.04,487.42
2008.00,4.00,11.00,269.42,167.37,63.42,72.64,60.77,58.19,228.45,462.94,411.22,295.96,265.41,264.19,260.66,63.04,59.35,285.42,286.10,283.48,280.12,440.24,527.75,352.59,424.10,280.62
2008.00,4.00,12.00,219.23,195.28,79.31,61.45,60.41,62.01,70.51,128.18,232.70,380.56,270.46,231.28,251.03,178.33,690.95,508.14,572.45,606.56,1114.03,732.60,605.93,677.36,621.65,640.63
2008.00,4.00,13.00,656.76,283.41,277.36,278.13,286.96,86.45,68.44,111.76,116.48,322.22,347.20,188.43,127.63,240.85,281.52,125.49,68.71,539.72,789.75,616.09,603.04,503.19,313.93,96.24
2008.00,4.00,14.00,67.04,65.28,76.69,102.03,132.42,64.41,201.74,593.21,290.34,291.75,305.38,297.92,291.81,298.05,142.83,78.14,80.94,84.08,71.47,111.06,268.40,442.29,507.86,352.68
2008.00,4.00,15.00,92.75,67.19,62.09,64.79,73.22,63.46,204.16,187.85,337.36,280.20,375.85,547.06,879.10,402.62,72.12,66.26,78.76,66.79,66.23,84.62,313.68,332.55,575.47,188.91
2008.00,4.00,16.00,67.72,68.00,64.88,74.68,65.01,81.33,236.88,353.49,277.66,285.33,300.75,79.04,85.54,208.00,203.65,97.64,236.03,277.49,276.61,340.19,425.37,347.89,229.42,205.26
2008.00,4.00,17.00,139.37,134.67,61.41,60.18,63.16,69.88,167.74,390.53,329.56,278.80,240.65,62.36,69.73,71.76,64.88,64.76,75.50,71.08,206.37,137.39,598.12,766.69,349.88,107.44
2008.00,4.00,18.00,81.08,66.15,65.12,68.60,107.36,150.29,143.21,311.75,355.48,286.06,614.29,647.23,659.51,301.57,302.84,131.12,118.35,68.41,63.30,112.08,415.20,390.32,454.33,199.64
2008.00,4.00,19.00,135.90,67.40,72.69,80.15,63.96,174.33,87.75,124.11,102.66,411.39,328.54,342.80,320.65,260.60,451.88,695.95,407.66,345.93,461.39,530.78,446.93,583.85,509.46,391.04
2008.00,4.00,20.00,87.39,214.37,151.32,70.57,64.80,66.60,79.25,275.41,65.17,91.99,118.18,220.62,322.94,334.07,302.37,304.09,312.57,93.82,75.25,345.44,572.59,1116.96,508.07,86.49
2008.00,4.00,21.00,65.83,72.56,88.78,65.63,62.87,179.61,95.07,357.86,301.96,284.95,285.41,142.55,63.75,83.99,68.69,64.91,64.45,77.35,73.28,142.39,290.74,267.83,219.13,401.73
2008.00,4.00,22.00,77.59,71.87,219.68,74.02,74.39,61.92,139.79,394.22,434.72,61.77,63.96,76.25,63.81,527.73,587.91,688.16,363.64,279.70,292.87,225.82,178.10,227.00,78.67,79.26
2008.00,4.00,23.00,66.53,71.90,68.55,72.92,61.08,243.87,84.11,204.80,292.85,271.16,284.47,203.31,66.05,71.33,79.48,64.14,69.51,159.48,74.43,300.57,409.15,530.39,336.32,369.03
2008.00,4.00,24.00,484.31,229.87,62.51,69.31,70.06,61.86,111.24,306.47,214.33,63.15,67.21,70.13,63.33,60.98,83.98,105.13,136.72,65.13,73.00,84.62,279.58,249.57,217.47,196.25
2008.00,4.00,25.00,67.65,70.42,60.05,62.33,70.21,62.79,215.04,311.30,290.59,276.34,232.15,73.41,173.25,610.11,410.17,283.69,190.69,60.50,86.89,158.05,160.88,93.05,80.15,61.63
2008.00,4.00,26.00,139.26,124.62,68.69,60.29,72.13,65.58,61.12,63.30,100.74,93.77,232.48,160.52,99.84,112.24,114.94,140.29,137.44,119.07,130.53,131.40,108.92,372.96,132.34,122.17
2008.00,4.00,27.00,241.80,199.18,97.80,73.92,66.45,69.85,67.36,120.36,204.75,125.58,139.49,101.42,79.48,159.56,113.86,163.18,303.22,98.66,280.62,266.87,117.61,76.72,75.55,66.25
2008.00,4.00,28.00,70.53,122.98,61.40,100.56,169.39,76.91,60.65,68.41,83.87,61.71,109.18,135.39,90.35,64.06,223.37,77.36,80.49,83.23,68.94,69.71,74.34,61.55,74.90,74.04
2008.00,4.00,29.00,162.48,146.73,70.47,61.36,72.09,73.25,64.38,61.67,69.48,72.02,447.53,507.57,903.84,749.04,294.76,207.38,73.21,104.34,295.46,413.12,238.59,343.67,600.59,442.07
2008.00,4.00,30.00,388.31,404.67,478.74,295.18,74.02,61.77,64.18,69.91,197.69,273.57,280.23,105.66,65.79,62.02,75.65,75.21,60.99,60.86,155.05,108.11,59.85,63.94,74.37,60.64
2008.00,5.00,1.00,62.99,67.32,66.92,61.89,202.18,72.84,63.02,61.98,66.46,69.94,63.17,59.64,72.52,65.03,213.36,84.28,71.13,62.63,70.32,71.13,63.30,62.14,64.78,71.79
2008.00,5.00,2.00,121.98,186.08,71.25,64.93,62.20,61.70,72.87,61.67,60.92,301.11,549.48,286.55,281.95,158.28,62.88,61.95,74.66,78.36,274.38,294.79,518.91,308.76,417.91,482.85
2008.00,5.00,3.00,569.17,465.63,132.34,94.55,74.60,77.31,89.40,76.36,76.00,182.10,484.69,374.23,147.65,79.46,63.82,73.65,71.84,69.05,72.25,66.83,195.66,63.98,497.48,135.07
2008.00,5.00,4.00,144.90,180.01,137.39,75.43,65.41,72.73,73.19,66.50,109.52,142.60,184.77,93.54,128.23,136.05,116.80,288.07,157.60,208.94,663.81,628.91,154.11,621.20,292.12,86.60
2008.00,5.00,5.00,69.33,82.10,69.43,185.14,69.59,64.01,315.95,351.77,392.18,367.90,268.13,289.46,238.38,69.24,78.62,65.93,102.86,86.89,79.33,152.25,370.46,266.39,313.33,138.30
2008.00,5.00,6.00,95.49,72.78,79.23,200.44,67.92,75.84,114.78,274.96,271.84,289.98,226.17,79.52,63.46,67.58,433.23,750.49,592.56,619.30,324.30,303.11,115.27,243.46,354.16,159.75
2008.00,5.00,7.00,84.01,71.44,75.68,67.26,75.54,65.81,219.14,323.57,283.23,282.46,142.30,108.99,81.29,96.11,158.91,89.41,187.00,69.67,119.44,197.17,128.55,285.89,266.90,381.31
2008.00,5.00,8.00,276.96,210.16,221.56,209.43,220.00,219.08,210.64,201.22,73.98,302.83,93.64,242.33,464.38,343.31,364.46,412.26,230.68,89.95,209.69,573.52,412.93,354.48,589.62,420.95
2008.00,5.00,9.00,149.88,78.63,85.52,90.26,73.25,85.64,82.50,249.47,181.08,490.00,424.05,391.78,384.74,520.44,442.78,211.41,146.22,156.76,392.22,377.72,153.88,330.48,160.55,76.17
2008.00,5.00,10.00,82.97,93.82,85.58,68.43,73.34,91.06,156.81,158.07,111.55,310.33,447.35,240.13,339.00,319.25,288.58,343.64,774.08,280.92,357.42,335.25,323.47,317.67,309.43,358.55
2008.00,5.00,11.00,346.55,425.74,337.11,139.46,141.44,71.99,48.80,63.70,106.15,117.63,257.60,261.36,119.94,126.35,405.95,411.11,233.77,201.91,191.31,188.28,206.78,211.98,522.82,150.12
2008.00,5.00,12.00,61.30,68.63,49.55,57.73,69.32,45.40,63.52,63.19,209.52,96.62,447.41,477.62,345.68,242.38,360.24,272.75,293.42,290.80,166.86,103.77,212.62,319.68,514.74,170.43
2008.00,5.00,13.00,74.60,62.29,54.81,60.95,42.96,64.84,144.35,362.21,261.31,234.58,57.38,56.71,54.61,63.17,259.25,655.36,592.50,436.30,137.31,108.72,265.99,195.68,351.16,250.87
2008.00,5.00,14.00,99.23,64.46,168.59,65.11,52.90,57.69,261.49,361.06,300.87,267.21,469.98,277.77,63.64,169.90,184.12,292.35,225.80,396.43,141.20,257.11,432.66,297.38,117.19,176.20
2008.00,5.00,15.00,90.94,58.21,62.56,58.34,57.27,57.07,144.11,376.44,367.50,348.98,110.71,51.96,112.19,67.86,112.37,89.01,112.24,154.83,202.42,129.79,262.74,528.48,202.06,58.71
2008.00,5.00,16.00,73.46,57.42,61.77,180.69,64.23,52.94,110.19,353.70,208.75,61.15,181.05,70.53,288.02,461.66,663.54,280.42,93.09,129.43,244.57,208.39,457.33,658.15,376.15,79.97
2008.00,5.00,17.00,58.41,158.20,53.92,64.82,43.89,68.76,46.31,162.60,385.75,430.35,328.09,186.37,105.36,303.41,179.40,81.09,95.84,101.60,162.75,347.32,361.94,486.48,570.03,657.92
2008.00,5.00,18.00,209.19,277.59,294.14,60.50,66.50,49.59,46.31,69.02,109.54,120.40,325.21,378.93,353.53,258.29,74.26,53.23,55.70,166.44,151.43,347.75,833.24,879.67,567.13,173.88
2008.00,5.00,19.00,73.50,49.20,45.19,63.99,44.93,66.60,248.14,446.16,254.38,262.02,255.73,73.70,52.34,42.83,59.95,45.21,45.08,49.90,53.67,72.49,349.78,344.45,311.91,70.71
2008.00,5.00,20.00,54.96,51.23,200.76,52.36,52.80,43.60,132.25,355.23,252.38,205.43,194.10,461.97,763.47,385.79,264.01,261.86,186.03,50.54,51.11,219.23,264.43,381.19,220.26,85.75
2008.00,5.00,21.00,65.93,41.41,44.05,54.56,97.12,125.52,149.39,329.91,311.44,269.88,275.32,253.86,68.66,63.63,65.05,141.45,157.09,54.36,73.69,181.62,256.64,447.42,438.31,380.11
2008.00,5.00,22.00,51.63,67.19,52.03,61.12,54.95,48.52,123.08,196.06,315.46,250.28,224.28,46.45,43.39,64.72,84.89,87.67,63.63,49.82,49.93,265.36,165.27,263.83,331.62,245.37
2008.00,5.00,23.00,55.30,45.39,58.00,46.37,42.38,62.71,297.36,360.23,311.65,309.08,533.47,321.57,267.75,270.81,266.16,259.39,281.68,265.17,240.13,48.39,89.15,134.03,136.08,171.99
2008.00,5.00,24.00,53.35,50.98,57.37,89.42,194.15,41.98,62.98,109.10,293.10,272.07,268.82,100.50,183.29,211.24,237.98,282.44,252.63,313.45,417.91,363.13,214.31,440.99,371.08,304.66
2008.00,5.00,25.00,148.88,141.61,115.82,125.02,101.93,171.35,54.47,58.85,125.46,173.65,145.11,343.22,466.10,483.34,439.34,119.82,437.39,158.60,399.56,616.39,560.90,454.95,783.51,98.95
2008.00,5.00,26.00,64.90,69.44,56.54,65.01,60.99,54.84,182.55,333.84,320.59,291.34,319.60,328.83,148.58,132.13,104.42,89.38,91.91,81.54,96.58,114.61,160.37,343.85,540.72,180.92
2008.00,5.00,27.00,63.54,61.61,60.70,56.16,54.00,57.01,186.47,374.71,286.98,292.75,329.78,239.89,147.02,93.62,122.00,369.71,596.70,690.19,431.33,250.51,181.02,129.68,424.56,108.87
2008.00,5.00,28.00,59.33,44.06,65.76,43.43,50.29,56.96,177.41,224.91,329.08,284.82,150.72,56.64,99.79,57.37,89.00,127.47,147.92,55.13,274.34,372.52,216.54,405.98,212.65,55.79
2008.00,5.00,29.00,64.21,65.86,56.89,69.39,51.94,72.44,280.90,304.75,317.33,268.38,303.59,288.57,192.60,56.37,48.27,49.52,57.86,60.25,45.21,88.77,207.97,317.98,330.90,125.96
2008.00,5.00,30.00,65.75,52.26,60.20,49.05,54.12,53.27,155.52,288.68,315.35,354.69,380.01,672.39,349.34,295.20,189.70,94.92,86.07,100.84,81.19,140.69,316.83,256.53,85.46,88.40
2008.00,5.00,31.00,54.94,53.37,52.58,55.68,48.15,128.24,100.50,159.44,279.35,287.85,188.10,114.51,134.68,465.54,521.27,202.94,155.79,314.35,330.59,448.11,363.98,244.17,295.25,388.76
2008.00,6.00,1.00,262.28,319.16,177.59,68.26,43.16,53.12,57.63,44.92,200.30,209.45,273.49,280.60,295.43,170.77,171.45,373.07,171.71,261.20,282.78,577.51,429.69,571.36,535.38,238.62
2008.00,6.00,2.00,50.29,61.47,56.50,54.35,54.39,49.38,219.56,461.20,393.30,392.75,126.11,108.97,98.40,127.58,105.35,131.48,89.14,78.98,76.95,259.78,127.22,134.38,201.45,66.48
2008.00,6.00,3.00,42.19,64.60,41.48,206.31,69.31,55.90,173.76,369.56,328.68,333.23,253.41,318.26,129.53,74.92,51.53,78.88,189.39,41.80,61.91,421.49,687.78,405.12,500.30,345.50
2008.00,6.00,4.00,160.25,57.27,53.54,52.49,76.84,159.47,237.07,678.97,313.35,263.65,234.29,413.09,169.86,66.19,195.41,383.97,101.49,49.10,118.31,172.02,188.23,387.20,417.02,266.53
2008.00,6.00,5.00,181.62,66.20,47.83,69.27,47.61,56.10,128.77,242.05,291.58,253.89,246.98,254.33,223.89,80.54,77.37,51.57,49.65,176.64,79.61,267.94,365.11,188.79,177.80,51.54
2008.00,6.00,6.00,61.39,63.04,52.85,72.74,53.27,205.41,131.07,177.85,293.86,250.08,126.53,90.77,85.14,77.45,124.43,137.63,102.78,87.29,182.70,126.76,603.37,584.23,199.12,107.40
2008.00,6.00,7.00,121.76,109.73,104.87,126.21,103.65,122.30,215.44,288.66,377.97,318.32,339.70,378.20,384.49,768.33,450.86,277.27,273.58,306.13,149.42,398.27,342.75,89.96,67.02,64.35
2008.00,6.00,8.00,70.76,75.46,61.68,41.78,156.90,74.55,49.73,53.27,87.70,62.85,39.38,268.56,130.32,263.80,368.14,430.80,360.46,374.52,298.38,505.41,273.70,654.77,303.25,56.50
2008.00,6.00,9.00,59.72,60.78,47.87,65.84,43.32,64.51,239.12,329.06,622.85,208.96,101.66,210.19,325.35,135.64,77.51,99.31,87.29,90.44,105.70,274.99,109.65,221.09,596.04,174.73
2008.00,6.00,10.00,73.83,56.22,61.13,46.65,58.24,60.09,263.55,345.72,262.51,271.04,266.68,299.97,82.25,62.74,61.38,54.45,54.98,62.78,64.57,208.58,136.41,430.17,151.24,67.55
2008.00,6.00,11.00,54.48,64.38,49.43,57.06,172.82,92.66,163.35,424.72,339.97,236.24,86.11,86.00,99.14,72.88,46.68,189.63,59.30,139.10,56.05,235.49,200.99,443.33,246.54,70.56
2008.00,6.00,12.00,61.82,60.96,67.97,63.39,57.69,63.98,240.02,372.54,433.35,398.04,289.62,180.46,84.99,143.90,102.37,90.73,56.18,62.14,149.12,179.19,414.17,271.69,210.20,79.23
2008.00,6.00,13.00,44.10,62.35,41.90,62.61,160.94,57.49,149.81,318.32,383.88,263.15,253.43,171.39,404.87,146.17,600.76,189.58,193.43,572.51,359.36,356.86,320.88,322.46,515.94,206.11
2008.00,6.00,14.00,67.48,65.18,56.86,72.41,52.13,72.41,137.74,317.05,77.23,88.69,207.34,150.72,328.89,317.40,285.97,284.61,270.96,78.69,139.95,317.92,197.00,410.56,331.27,217.56
2008.00,6.00,15.00,147.48,107.69,91.50,101.49,154.80,77.86,40.94,118.03,175.64,259.57,354.41,337.09,625.38,846.00,461.60,424.30,273.45,319.54,472.38,678.03,414.26,702.21,180.10,150.23
2008.00,6.00,16.00,97.39,81.96,51.92,49.80,51.38,49.69,301.96,461.07,317.92,309.18,255.92,44.01,54.21,41.73,52.80,217.62,102.41,69.85,79.42,228.00,300.74,572.26,320.58,165.44
2008.00,6.00,17.00,55.67,56.90,44.84,54.02,44.40,56.43,312.80,336.31,251.25,262.68,96.80,70.71,70.84,94.25,77.36,197.19,98.36,95.02,80.31,160.09,323.27,430.44,415.07,73.75
2008.00,6.00,18.00,54.46,47.45,49.55,59.30,39.92,54.52,275.90,380.11,356.74,365.90,403.39,489.09,172.13,93.75,170.66,149.56,719.40,313.66,108.82,606.69,339.40,330.94,366.98,267.43
2008.00,6.00,19.00,77.20,56.83,55.74,55.64,40.33,59.05,279.66,402.34,307.47,340.86,106.51,214.34,96.56,57.00,44.22,83.16,180.55,221.58,218.74,629.08,493.09,660.16,398.48,134.29
2008.00,6.00,20.00,60.27,40.62,57.96,49.63,46.26,51.17,306.01,393.38,332.66,269.68,291.26,393.34,195.89,250.93,47.03,53.96,55.16,43.37,441.20,735.00,454.41,507.22,231.50,193.90
2008.00,6.00,21.00,157.74,144.27,93.35,42.00,56.33,38.33,153.41,158.01,257.72,122.39,59.43,413.45,196.72,330.89,622.09,439.70,421.76,244.66,311.01,268.68,257.56,321.11,413.97,168.13
2008.00,6.00,22.00,165.55,91.90,61.45,50.02,52.00,54.42,129.10,109.24,41.55,163.45,363.10,416.75,75.97,359.17,163.42,159.33,310.24,494.97,429.40,331.89,361.51,339.27,317.50,100.57
2008.00,6.00,23.00,61.18,57.65,56.68,47.71,134.35,122.42,52.69,272.60,275.17,245.20,150.50,53.20,94.59,90.96,347.56,167.76,74.62,111.15,75.97,353.89,295.29,290.21,456.67,220.97
2008.00,6.00,24.00,55.48,58.59,51.23,50.50,56.75,98.08,344.08,303.77,299.18,288.18,307.20,588.26,288.61,273.69,601.89,272.93,166.03,90.84,165.96,335.12,328.37,135.80,395.66,202.78
2008.00,6.00,25.00,146.28,59.29,63.02,51.21,65.32,51.89,274.76,316.17,205.33,69.88,66.48,243.27,237.82,187.07,127.51,259.57,88.77,104.20,77.78,239.81,380.53,381.27,259.16,185.40
2008.00,6.00,26.00,62.96,62.85,53.87,62.93,52.56,59.88,312.42,301.10,268.19,281.18,220.91,62.87,84.11,77.46,273.04,163.46,56.98,59.63,56.59,249.11,122.77,283.94,179.66,57.88
2008.00,6.00,27.00,54.75,57.40,56.58,55.85,56.33,53.43,128.48,344.26,359.51,197.85,109.56,252.97,51.48,93.77,138.13,280.94,460.14,208.90,564.27,460.19,222.63,495.90,685.82,372.15
2008.00,6.00,28.00,82.28,51.81,59.80,58.33,59.95,42.11,124.79,91.94,295.14,232.43,268.44,321.80,303.21,325.87,240.63,309.75,164.09,87.56,93.26,91.84,106.62,121.06,202.25,232.91
2008.00,6.00,29.00,208.62,217.49,102.49,108.53,56.98,59.41,58.30,53.58,51.04,59.04,71.47,48.97,299.73,96.32,163.09,47.65,56.63,57.10,57.90,61.66,88.57,88.69,89.59,256.91
2008.00,6.00,30.00,153.00,44.03,59.18,53.27,61.99,36.72,62.34,49.44,48.48,70.11,276.90,292.08,297.69,249.48,91.54,92.57,76.06,94.54,84.90,83.78,52.01,50.50,55.24,203.94
2008.00,7.00,1.00,70.26,56.87,44.98,57.19,56.47,55.82,46.33,51.75,60.91,50.14,91.87,217.39,97.21,97.31,141.29,95.57,155.64,194.97,125.98,584.29,500.26,350.78,448.65,337.09
2008.00,7.00,2.00,72.33,65.00,65.28,58.00,65.56,57.80,266.70,210.55,156.01,162.58,130.74,121.69,68.48,269.66,319.62,202.69,78.54,67.64,105.09,249.31,193.58,280.76,333.86,164.24
2008.00,7.00,3.00,56.18,59.76,51.26,61.29,49.60,57.88,307.38,291.45,188.29,61.78,63.41,57.75,42.99,197.30,63.29,54.78,62.99,61.04,59.51,192.41,158.49,720.08,487.38,199.10
2008.00,7.00,4.00,69.34,58.40,60.00,53.19,55.95,61.08,226.68,295.96,231.03,95.73,79.49,46.51,205.74,59.71,49.98,50.54,59.84,227.33,269.01,238.52,129.25,128.86,141.27,198.77
2008.00,7.00,5.00,89.25,94.27,75.27,51.38,59.54,49.71,57.83,75.60,165.62,129.78,75.37,136.43,304.86,422.68,440.83,567.51,291.98,339.71,233.62,282.23,137.81,204.60,355.53,180.86
2008.00,7.00,6.00,126.71,145.23,126.30,146.79,136.69,84.91,169.97,44.02,93.91,136.01,212.53,339.30,350.43,316.67,425.64,298.73,332.67,359.64,289.40,409.09,271.29,223.49,657.25,228.47
2008.00,7.00,7.00,72.22,55.47,63.58,39.90,65.22,54.31,86.80,258.50,267.43,263.38,183.22,54.04,54.35,59.57,68.69,130.59,178.26,56.76,46.89,189.52,275.12,453.40,114.07,136.68
2008.00,7.00,8.00,59.72,42.43,56.42,51.67,170.85,49.43,172.61,307.98,224.90,204.13,93.05,141.39,135.34,144.82,44.59,70.27,65.99,186.83,99.79,114.87,131.08,405.69,488.19,234.76
2008.00,7.00,9.00,59.59,39.69,57.68,44.18,51.55,57.15,188.68,337.12,265.84,158.17,81.87,82.38,45.89,200.34,53.56,47.60,49.82,50.09,63.95,160.26,317.44,228.21,209.32,167.29
2008.00,7.00,10.00,51.43,44.62,54.01,53.24,111.63,102.79,182.14,286.28,385.14,375.40,136.81,39.12,66.18,116.13,96.24,52.46,218.23,191.99,203.92,407.93,212.11,277.16,265.50,176.86
2008.00,7.00,11.00,62.23,63.08,59.54,54.86,56.38,55.42,260.20,375.59,404.81,146.66,248.29,124.22,214.88,287.41,156.71,62.24,55.07,60.77,268.01,164.29,132.45,109.38,321.88,372.60
2008.00,7.00,12.00,267.38,153.26,50.73,55.60,57.68,53.55,225.35,253.48,47.48,100.42,186.03,149.06,93.17,554.66,262.02,786.41,195.75,128.40,64.06,65.13,160.44,51.29,309.44,91.17
2008.00,7.00,13.00,67.30,46.10,60.90,56.29,58.48,57.88,164.18,279.26,91.73,389.23,179.38,186.77,537.33,385.37,103.79,159.85,80.47,84.24,113.27,108.60,250.45,84.14,255.30,323.48
2008.00,7.00,14.00,170.74,53.18,47.08,52.36,58.22,40.55,59.69,309.63,279.21,256.69,90.37,61.05,48.97,62.98,85.76,253.95,93.13,84.48,448.30,451.72,345.58,176.54,139.20,65.88
2008.00,7.00,15.00,67.30,53.98,62.95,68.43,153.02,139.95,310.71,168.41,323.18,268.91,100.56,49.86,248.21,156.22,67.34,369.12,306.10,81.18,82.37,72.58,81.45,190.74,188.35,183.20
2008.00,7.00,16.00,86.02,175.07,52.15,62.58,54.81,59.84,56.03,110.60,258.98,95.40,60.05,70.98,104.04,154.09,157.57,68.12,82.48,166.04,140.78,163.17,311.23,756.12,167.05,122.25
2008.00,7.00,17.00,110.65,54.75,67.69,57.59,63.23,124.19,176.23,236.95,249.35,238.34,70.15,82.11,176.36,116.39,261.46,332.02,115.72,94.70,285.79,330.76,261.69,276.75,301.14,246.00
2008.00,7.00,18.00,163.23,74.24,58.20,62.93,176.98,60.80,287.89,284.97,270.48,162.07,118.27,123.80,93.51,121.72,161.97,126.54,135.11,242.13,118.69,117.19,351.03,407.57,343.63,78.21
2008.00,7.00,19.00,51.19,59.33,51.37,59.81,58.76,151.52,50.73,112.28,68.55,114.57,379.55,526.83,288.66,274.10,516.48,273.20,260.75,222.78,66.18,107.21,120.32,114.82,209.27,273.48
2008.00,7.00,20.00,415.09,117.70,56.43,54.73,68.17,54.07,43.93,57.32,261.33,67.15,92.95,131.39,298.26,203.84,290.29,96.95,58.75,48.42,51.12,67.92,116.92,253.06,122.98,61.85
2008.00,7.00,21.00,44.50,53.77,60.66,47.26,48.12,60.31,118.40,228.67,267.19,262.48,131.84,93.82,108.85,182.07,302.81,287.10,132.02,66.24,55.89,291.76,226.39,437.66,232.39,55.95
2008.00,7.00,22.00,55.27,53.73,47.66,52.16,54.04,54.80,190.66,153.96,244.31,57.23,57.67,95.44,133.76,95.43,106.46,84.47,57.54,156.25,58.68,75.59,145.21,197.21,115.78,86.53
2008.00,7.00,23.00,61.88,49.74,58.66,58.57,51.25,181.54,49.75,286.42,274.65,268.12,101.74,115.88,115.97,109.49,91.22,57.67,90.38,65.61,92.53,192.37,230.94,200.30,202.08,87.41
2008.00,7.00,24.00,179.32,118.96,78.25,82.14,78.95,85.63,172.75,323.44,290.71,279.94,149.62,80.80,81.52,66.68,86.82,77.29,82.06,90.27,86.42,269.39,122.74,564.40,80.69,60.48
2008.00,7.00,25.00,63.72,56.96,60.70,56.57,62.98,65.74,235.41,193.65,280.14,187.00,58.89,60.46,54.73,59.16,62.73,52.00,63.23,57.30,198.89,58.44,149.72,329.73,226.03,146.94
2008.00,7.00,26.00,63.82,55.64,56.56,62.47,56.94,56.55,67.88,247.89,75.81,173.84,258.10,109.75,55.38,87.21,82.03,159.52,305.23,273.34,110.32,78.20,57.91,64.39,54.17,64.53
2008.00,7.00,27.00,89.36,57.14,117.99,118.39,61.53,51.42,60.81,57.07,97.57,179.62,155.87,69.10,76.15,178.42,362.75,240.41,152.68,213.23,201.40,328.32,320.52,321.27,173.80,81.50
2008.00,7.00,28.00,66.27,61.30,60.19,60.61,65.83,196.36,287.49,348.50,127.61,59.26,61.66,65.47,53.79,65.72,72.14,103.86,107.65,219.97,116.57,107.71,101.52,101.47,100.72,99.03
2008.00,7.00,29.00,116.02,102.80,148.54,194.82,102.83,100.18,96.04,137.38,376.86,273.72,182.03,105.15,97.31,98.93,99.59,122.66,113.53,107.54,200.60,314.37,164.25,293.61,125.17,155.28
2008.00,7.00,30.00,175.23,95.69,103.44,91.53,98.86,97.05,130.91,308.88,314.64,155.02,82.73,102.09,95.45,98.52,96.54,96.20,103.70,90.09,261.97,320.73,389.95,443.52,389.06,125.14
2008.00,7.00,31.00,72.67,82.57,68.50,65.75,62.83,65.12,191.13,294.02,230.52,146.75,256.36,206.75,144.54,247.59,67.17,56.42,68.26,66.26,106.10,297.85,477.04,327.30,597.03,372.84
2008.00,8.00,1.00,90.66,79.96,76.95,71.18,79.02,66.20,129.35,333.67,169.61,228.08,228.55,63.45,60.44,66.35,38.81,66.63,59.14,60.87,58.47,60.26,96.51,121.39,59.84,62.26
2008.00,8.00,2.00,57.52,56.76,60.31,59.43,52.03,50.24,59.15,61.96,123.74,147.37,48.50,53.94,59.75,59.26,58.66,43.24,56.38,62.20,55.22,55.11,184.87,81.20,57.57,55.82
2008.00,8.00,3.00,45.91,56.76,51.41,62.98,54.73,41.83,59.75,54.35,197.87,92.06,49.63,55.91,51.41,62.08,42.02,54.31,56.87,56.81,58.46,39.59,159.84,139.93,52.27,60.16
2008.00,8.00,4.00,44.48,54.18,56.11,57.35,56.74,50.89,45.96,62.32,102.62,189.42,45.93,52.43,56.12,54.63,59.97,39.51,72.14,211.30,427.62,505.39,314.49,454.63,342.52,342.60
2008.00,8.00,5.00,223.05,72.99,62.77,58.97,61.34,54.95,57.40,291.07,379.08,375.12,257.66,261.16,56.19,56.31,64.97,32.70,43.71,46.49,44.91,47.72,42.08,47.27,36.30,40.81
2008.00,8.00,6.00,44.94,50.59,43.44,40.37,48.46,47.88,37.31,37.39,48.57,45.37,42.15,45.63,45.96,40.57,38.42,47.24,43.05,48.52,49.58,47.25,43.36,48.55,42.08,43.78
2008.00,8.00,7.00,44.84,50.87,47.60,47.71,46.53,49.51,42.88,51.38,47.41,46.11,43.32,52.48,35.11,42.96,44.62,50.40,46.04,46.53,45.42,37.15,43.14,49.70,44.74,42.80
2008.00,8.00,8.00,46.42,47.81,34.32,38.52,49.01,47.81,35.86,37.56,47.50,46.39,34.97,37.43,45.44,41.41,42.52,33.04,44.27,44.29,44.22,30.23,45.34,44.82,39.30,33.51
2008.00,8.00,9.00,46.16,44.71,26.96,44.56,46.28,38.67,30.92,45.38,42.94,28.10,43.59,45.89,28.72,39.40,54.50,245.12,32.71,47.42,42.04,41.16,34.12,41.94,44.70,42.17
2008.00,8.00,10.00,43.22,30.52,45.91,44.50,35.94,37.42,44.04,38.88,43.18,42.74,32.78,41.75,44.12,28.85,43.47,45.55,40.87,29.06,59.18,81.68,72.43,69.44,82.42,77.60
2008.00,8.00,11.00,79.48,68.39,78.23,81.69,81.79,64.70,78.50,57.12,40.13,29.81,41.45,44.88,34.70,36.15,40.91,42.12,34.75,42.10,37.97,46.61,36.78,35.14,43.39,44.03
2008.00,8.00,12.00,31.20,42.65,42.17,40.10,34.75,43.65,38.50,42.24,34.35,44.29,37.60,42.03,33.68,40.02,45.81,30.76,38.61,45.41,42.85,30.02,48.23,45.05,28.68,45.94
2008.00,8.00,13.00,42.24,37.55,36.53,43.84,38.35,29.58,46.10,43.83,29.67,43.16,39.28,33.45,42.74,30.02,39.74,45.57,32.89,36.69,43.64,34.53,43.78,33.61,40.47,40.29
2008.00,8.00,14.00,34.81,43.21,37.04,32.46,46.82,25.70,42.12,45.07,28.47,44.37,29.80,36.79,35.18,41.67,36.08,30.05,44.84,37.30,33.65,41.01,37.34,36.04,41.21,26.10
2008.00,8.00,15.00,43.69,43.87,27.79,41.02,42.51,30.89,41.82,32.38,36.01,34.91,43.81,34.35,31.89,44.34,29.02,41.56,30.16,38.05,47.94,32.11,37.06,31.12,45.54,36.42
2008.00,8.00,16.00,32.03,42.40,39.63,34.25,39.82,37.41,34.86,43.03,41.75,29.28,44.08,30.59,39.25,42.00,26.94,44.71,42.92,25.11,42.62,46.13,29.52,42.51,40.95,30.27
2008.00,8.00,17.00,44.15,43.43,25.90,44.22,45.92,26.37,43.08,30.62,40.33,45.09,30.40,36.36,32.40,45.99,37.00,31.12,43.24,28.14,44.83,42.02,25.79,45.57,42.80,27.21
2008.00,8.00,18.00,42.40,32.73,40.23,42.17,32.82,35.71,44.57,35.61,34.63,32.16,42.87,29.29,43.47,40.15,26.72,43.66,35.77,36.02,43.46,33.97,38.31,43.88,32.57,35.44
2008.00,8.00,19.00,46.52,33.75,36.80,32.30,41.90,40.39,31.65,43.39,35.75,34.58,45.06,34.18,32.11,42.58,29.22,43.91,40.55,27.24,44.19,46.49,26.77,40.78,33.42,38.13
2008.00,8.00,20.00,44.60,32.26,35.12,44.52,33.79,37.11,31.57,41.85,32.61,39.82,41.04,26.95,42.81,34.50,34.24,41.73,31.70,37.83,35.17,39.69,27.26,44.58,41.98,28.52
2008.00,8.00,21.00,40.05,30.20,42.41,31.29,39.69,27.74,42.34,36.06,33.20,41.37,29.58,40.11,33.14,36.42,29.65,44.88,29.03,40.08,30.49,37.24,44.04,31.91,36.95,29.83
2008.00,8.00,22.00,45.08,38.71,31.05,42.32,25.12,44.84,42.92,25.93,41.70,32.23,40.11,31.87,39.77,35.74,33.32,43.05,24.97,40.80,41.85,32.36,43.71,28.29,36.44,34.66
2008.00,8.00,23.00,41.33,28.38,38.52,29.87,40.14,32.92,36.75,27.66,41.83,29.26,39.00,30.81,33.86,34.09,41.27,26.19,38.25,32.85,37.21,33.35,41.70,24.42,42.38,33.84
2008.00,8.00,24.00,34.85,31.69,36.16,41.04,33.57,35.99,30.30,41.87,31.08,29.63,40.81,24.93,42.15,35.41,33.84,31.33,38.95,29.28,40.68,34.86,35.25,31.31,34.79,36.33
2008.00,8.00,25.00,32.14,37.00,31.12,41.75,27.35,39.44,29.98,32.58,40.69,31.41,33.37,33.13,42.22,27.00,30.45,39.21,29.40,42.30,29.70,37.32,31.07,31.76,39.39,31.83
2008.00,8.00,26.00,36.81,29.01,42.45,29.63,38.49,29.57,38.96,34.74,42.32,25.45,30.19,43.79,27.19,42.13,29.94,36.94,35.08,41.44,26.43,38.57,35.54,38.14,31.95,40.67
2008.00,8.00,27.00,25.13,44.10,42.25,26.60,41.29,27.08,41.10,36.86,33.26,33.07,30.74,37.76,33.51,39.38,26.42,41.45,34.12,37.87,31.28,42.40,37.64,33.40,44.41,26.14
2008.00,8.00,28.00,40.65,43.93,27.56,43.15,32.15,33.88,33.21,46.13,28.95,40.40,39.40,28.81,45.11,30.30,38.50,31.34,38.67,35.50,38.23,42.29,28.77,41.56,31.87,40.17
2008.00,8.00,29.00,31.95,36.51,39.66,35.54,38.66,30.46,42.94,26.75,44.31,34.43,33.95,31.51,41.98,28.10,43.89,30.08,36.47,32.71,43.92,30.00,42.00,42.86,36.89,42.82
2008.00,8.00,30.00,34.28,37.96,30.53,40.74,28.93,44.00,40.75,27.47,42.45,30.97,42.15,34.77,35.63,31.43,42.13,27.63,45.31,33.07,35.87,45.67,35.90,40.53,41.34,38.15
2008.00,8.00,31.00,37.64,32.17,45.42,40.53,36.32,43.53,37.01,33.21,41.61,30.34,45.03,42.01,28.29,41.10,317.47,473.05,421.99,568.79,506.59,520.56,322.61,626.05,355.78,287.11
2008.00,9.00,1.00,175.89,59.55,68.58,60.63,44.66,53.81,58.86,364.49,368.11,266.08,389.75,334.52,311.98,236.89,86.43,92.66,82.27,86.14,48.97,55.36,54.78,196.00,402.41,196.13
2008.00,9.00,2.00,70.02,54.59,65.52,59.36,54.15,56.49,58.50,225.80,200.42,54.83,224.77,340.98,291.92,229.13,175.42,62.05,63.68,333.97,133.03,475.59,361.00,412.91,404.99,134.35
2008.00,9.00,3.00,61.38,61.13,52.21,56.22,54.00,181.63,53.10,363.65,286.42,287.18,215.85,333.87,165.07,327.00,306.64,296.92,73.45,49.67,69.17,152.92,574.00,356.13,118.84,61.28
2008.00,9.00,4.00,52.07,145.29,71.70,57.56,51.41,48.87,52.55,152.69,272.89,257.95,223.30,242.33,252.05,276.72,150.64,86.76,79.15,45.29,51.88,285.95,309.25,555.06,233.75,66.68
2008.00,9.00,5.00,53.36,52.93,39.11,56.08,56.16,40.63,222.55,486.95,257.65,263.93,153.58,47.12,42.89,47.61,54.91,46.70,46.49,51.04,45.03,276.03,255.09,141.58,74.16,57.19
2008.00,9.00,6.00,52.19,41.73,54.51,139.05,98.97,52.01,64.70,417.61,342.16,240.11,508.58,505.10,73.32,326.69,274.27,437.10,387.00,118.01,256.27,499.31,357.55,286.16,289.90,311.27
2008.00,9.00,7.00,97.61,68.47,60.25,59.03,56.94,52.13,56.68,55.95,107.32,225.56,91.79,72.44,294.96,280.40,202.12,344.64,600.21,109.62,105.85,277.46,468.77,483.13,272.84,61.59
2008.00,9.00,8.00,61.26,58.74,50.70,57.29,55.45,53.52,362.36,361.46,265.58,255.07,259.05,258.50,183.08,54.67,52.89,52.91,50.59,56.35,57.03,73.10,479.88,601.74,404.33,132.28
2008.00,9.00,9.00,187.82,112.24,52.65,57.09,49.54,56.19,126.23,455.48,260.57,405.74,235.74,140.66,221.29,250.70,73.95,63.27,57.01,67.78,58.01,160.13,185.63,313.42,144.67,70.78
2008.00,9.00,10.00,71.85,52.41,51.39,55.46,54.23,51.50,117.93,455.24,398.78,370.10,339.58,305.55,321.40,209.42,95.91,56.46,54.09,60.82,62.72,79.73,160.11,436.83,347.79,60.44
2008.00,9.00,11.00,57.14,53.79,51.45,56.63,55.86,54.92,134.36,357.39,279.83,244.48,279.44,101.67,58.45,150.38,202.69,156.35,52.66,56.01,60.97,148.86,349.91,262.27,97.77,53.49
2008.00,9.00,12.00,88.49,135.36,59.30,51.47,54.99,55.21,164.58,398.44,343.70,421.39,290.60,165.33,107.24,49.39,55.99,58.82,52.84,97.25,178.51,389.77,421.96,413.06,325.41,192.66
2008.00,9.00,13.00,89.82,61.51,59.79,49.38,51.57,53.98,240.86,351.59,351.79,285.43,532.73,256.67,87.63,66.37,273.83,586.83,524.01,333.47,68.39,329.68,326.46,138.77,99.36,135.27
2008.00,9.00,14.00,88.22,106.11,68.60,54.63,64.27,189.10,60.71,52.51,99.29,78.47,104.15,452.80,704.02,405.03,348.74,263.09,141.47,116.63,168.29,251.64,650.49,359.63,224.75,121.65
2008.00,9.00,15.00,97.06,98.74,100.72,79.23,199.02,95.14,251.79,390.98,327.99,297.86,308.70,161.70,121.65,157.65,135.25,125.12,118.92,280.38,305.72,526.05,448.56,510.00,259.49,175.01
2008.00,9.00,16.00,69.37,51.80,56.40,61.23,51.38,54.57,302.31,386.67,278.99,277.82,133.35,179.35,214.25,255.16,83.31,86.06,113.34,85.51,90.77,228.17,308.55,293.34,301.74,47.33
2008.00,9.00,17.00,54.41,58.22,43.01,52.91,111.67,112.82,91.92,423.29,282.72,266.80,578.70,295.89,236.65,95.96,105.72,53.20,328.07,261.80,64.10,104.65,453.77,491.12,332.54,86.85
2008.00,9.00,18.00,60.50,43.78,57.77,46.36,53.17,54.49,345.86,495.45,358.51,331.14,53.27,46.04,99.02,92.65,212.06,184.81,63.00,121.91,150.97,337.97,616.04,500.17,242.51,373.68
2008.00,9.00,19.00,172.38,141.93,54.11,57.52,44.37,54.98,202.54,397.34,281.51,280.38,308.24,278.20,133.09,141.78,56.64,102.87,69.33,236.04,278.14,332.99,548.32,489.55,101.17,222.19
2008.00,9.00,20.00,131.48,125.44,141.62,193.16,145.67,194.46,134.77,406.91,248.46,272.60,262.27,285.89,330.91,283.16,162.16,57.80,129.84,245.52,54.21,55.27,59.12,50.41,127.82,183.40
2008.00,9.00,21.00,53.15,88.57,59.45,55.41,46.09,55.55,45.80,130.41,189.80,320.86,67.13,222.06,647.05,534.88,292.20,233.25,189.34,104.64,322.93,321.47,600.03,301.94,82.98,67.28
2008.00,9.00,22.00,57.23,58.18,56.29,125.39,71.03,45.76,261.47,455.52,265.40,264.58,260.37,248.53,263.05,66.37,56.56,56.62,46.29,60.63,49.15,227.33,845.16,337.33,218.46,62.79
2008.00,9.00,23.00,58.31,79.94,168.98,49.51,55.00,57.46,201.40,465.20,547.70,264.15,137.31,130.26,46.85,80.24,99.61,81.14,92.50,73.82,237.12,120.36,320.54,251.73,337.15,90.35
2008.00,9.00,24.00,89.49,86.99,77.29,88.83,74.79,87.26,297.62,480.70,367.09,354.22,281.64,309.72,455.24,414.37,215.33,244.14,57.14,61.60,57.69,183.49,303.13,562.10,343.07,147.54
2008.00,9.00,25.00,59.64,48.46,61.09,47.08,55.76,57.13,167.45,413.80,277.10,265.68,251.55,154.31,61.05,48.12,59.41,49.21,55.96,51.25,55.77,224.38,372.83,386.85,286.35,203.00
2008.00,9.00,26.00,50.80,57.73,44.56,50.85,44.39,55.09,190.46,420.03,251.12,254.28,250.24,311.05,368.41,192.07,59.35,53.63,45.60,57.24,92.40,577.98,385.76,396.68,315.74,173.26
2008.00,9.00,27.00,43.98,55.79,46.08,51.49,56.80,45.92,117.18,402.19,375.02,271.16,290.10,214.49,362.43,302.97,91.22,95.41,135.99,288.59,586.86,687.29,711.36,654.52,614.25,482.24
2008.00,9.00,28.00,394.39,190.45,241.87,247.04,138.79,51.91,59.00,68.68,108.17,134.29,135.57,189.31,283.23,300.64,306.32,320.03,295.48,250.40,84.83,197.61,493.95,611.48,489.41,89.49
2008.00,9.00,29.00,68.51,65.79,74.85,55.58,77.05,191.65,150.80,484.51,306.11,310.59,336.21,325.28,284.39,158.89,118.32,121.82,110.15,72.87,62.06,186.47,279.99,405.96,442.43,239.16
2008.00,9.00,30.00,66.35,75.26,73.74,60.38,71.19,62.75,159.06,534.52,328.68,270.85,193.55,75.18,63.49,66.49,63.40,75.25,68.26,79.34,187.02,308.71,468.03,686.11,384.97,90.85
2008.00,10.00,1.00,77.03,55.47,71.91,73.53,59.61,102.15,299.00,534.12,277.50,277.71,287.57,577.33,504.64,439.28,218.06,83.31,76.17,365.33,143.81,257.66,478.67,546.92,247.89,91.38
2008.00,10.00,2.00,185.24,72.23,60.66,71.32,63.61,71.34,286.17,418.19,317.10,523.93,272.89,154.45,188.84,55.38,70.69,62.41,69.38,71.74,59.66,137.68,390.87,227.42,293.25,291.62
2008.00,10.00,3.00,74.51,78.77,63.65,70.37,57.52,71.62,154.68,444.89,395.69,388.02,383.12,282.03,181.82,59.70,73.95,63.10,60.31,81.56,78.42,392.59,701.62,567.60,368.39,199.37
2008.00,10.00,4.00,387.90,382.77,290.25,313.14,283.08,418.27,263.18,107.74,222.46,279.44,309.79,353.99,389.54,471.56,491.49,433.45,333.24,244.15,277.61,294.13,146.31,66.56,74.64,60.19
2008.00,10.00,5.00,129.32,285.34,114.32,229.42,220.97,131.44,169.65,62.11,74.11,295.20,507.17,396.81,329.33,588.34,490.62,281.20,241.68,91.44,84.25,64.33,71.69,65.01,76.57,87.41
2008.00,10.00,6.00,428.50,444.54,339.38,316.33,281.11,225.11,59.52,77.39,64.18,73.76,70.84,70.90,70.90,70.90,70.90,70.90,68.49,100.37,103.58,238.51,454.36,372.91,357.16,243.02
2008.00,10.00,7.00,112.73,97.18,106.54,98.82,104.33,112.54,184.31,570.20,323.50,305.11,347.74,388.58,313.64,169.36,109.83,98.17,108.74,100.31,131.44,158.98,459.34,646.51,468.83,150.73
2008.00,10.00,8.00,74.76,78.41,65.03,74.51,75.58,63.68,346.86,444.44,331.83,280.79,279.66,297.49,340.63,223.95,515.04,170.77,208.45,267.06,104.34,291.38,436.24,534.48,417.32,184.63
2008.00,10.00,9.00,73.95,72.22,70.30,67.30,75.83,59.33,203.58,651.35,576.79,600.31,613.51,343.60,355.53,370.63,225.76,195.30,132.38,153.96,96.43,245.45,476.99,482.82,302.23,65.88
2008.00,10.00,10.00,75.54,62.80,69.62,71.51,70.78,142.18,114.18,422.12,359.56,359.33,413.08,363.49,278.37,268.65,282.68,192.00,74.23,65.64,127.95,210.99,348.72,176.91,189.70,243.93
2008.00,10.00,11.00,80.01,73.38,66.19,65.47,62.20,230.71,77.01,358.26,385.64,362.26,242.41,205.81,215.09,228.09,345.61,259.88,230.59,114.40,152.89,498.48,417.46,328.37,289.93,189.62
2008.00,10.00,12.00,106.78,164.46,92.33,70.47,74.91,65.50,76.08,237.48,411.81,138.65,223.35,132.45,125.91,341.03,279.87,154.49,68.54,74.23,482.69,966.58,967.74,484.92,435.15,87.39
2008.00,10.00,13.00,72.12,72.65,76.34,149.52,95.79,71.53,317.10,545.48,371.89,387.45,287.60,274.26,152.73,64.63,74.99,118.31,98.40,95.91,78.64,293.12,378.54,447.45,193.68,80.79
2008.00,10.00,14.00,71.03,126.53,157.60,75.72,64.53,72.54,176.45,437.41,288.25,294.32,465.60,341.98,302.78,116.07,93.21,127.34,151.36,87.58,139.85,390.48,396.87,444.48,366.24,93.53
2008.00,10.00,15.00,211.56,74.09,82.05,83.95,71.01,85.33,362.80,587.15,309.20,281.64,401.47,414.90,250.30,402.80,161.58,450.05,366.74,327.55,407.01,431.85,383.59,344.19,303.53,285.68
2008.00,10.00,16.00,77.11,80.55,80.98,74.92,77.98,88.92,151.89,421.55,319.55,362.43,361.17,486.65,255.84,154.32,198.10,204.00,131.46,82.23,88.31,245.06,497.23,407.80,204.77,145.60
2008.00,10.00,17.00,90.16,70.31,84.47,70.65,84.99,89.05,442.13,560.17,393.90,378.98,279.91,282.35,75.77,79.71,80.53,95.58,76.69,108.70,285.27,456.85,980.63,594.64,386.12,80.49
2008.00,10.00,18.00,63.35,73.69,62.44,73.52,62.31,200.23,262.49,629.91,316.08,296.13,319.75,322.81,167.53,96.43,113.60,143.04,142.34,191.66,363.25,533.03,781.00,597.83,551.37,986.36
2008.00,10.00,19.00,1015.38,1134.25,235.56,89.27,61.44,76.75,60.75,69.50,111.13,557.83,449.92,217.26,69.93,81.02,318.38,145.72,94.30,78.62,122.31,419.16,386.67,335.70,211.30,130.74
2008.00,10.00,20.00,67.80,184.89,80.11,69.47,66.56,59.18,285.94,608.19,312.78,273.10,289.46,266.25,284.61,132.23,91.77,87.37,194.77,123.17,218.02,331.78,627.08,571.14,149.72,98.36
2008.00,10.00,21.00,89.32,82.55,89.30,86.76,130.32,201.10,221.59,496.94,627.83,442.09,318.90,420.13,309.16,300.22,121.98,123.00,102.52,97.21,340.24,606.79,680.67,512.40,234.99,138.11
2008.00,10.00,22.00,70.74,64.63,71.81,62.78,76.25,199.69,246.52,401.95,337.55,293.78,169.65,92.30,104.06,202.74,188.13,312.47,386.93,336.27,155.11,273.62,503.94,484.00,300.00,68.09
2008.00,10.00,23.00,83.99,59.09,74.08,56.21,63.94,158.01,303.22,795.90,696.77,297.50,277.92,276.04,370.54,276.86,132.83,120.37,145.79,90.88,95.67,307.74,728.07,304.84,170.16,122.19
2008.00,10.00,24.00,78.37,58.97,124.04,157.82,64.32,67.62,145.15,546.04,434.32,259.58,276.36,294.28,385.05,158.64,67.19,69.20,69.94,81.66,346.15,781.06,933.35,1055.04,409.28,138.90
2008.00,10.00,25.00,86.68,65.86,71.66,92.28,173.51,63.65,78.43,501.86,411.12,382.37,382.72,313.76,353.91,471.52,306.55,274.44,265.80,266.69,257.58,220.83,54.38,58.39,50.38,57.04
2008.00,10.00,26.00,54.92,59.87,51.32,50.45,56.02,172.48,141.14,53.10,57.63,49.68,57.52,54.52,61.12,50.65,57.98,50.71,80.73,228.80,60.44,50.80,56.71,52.28,55.49,54.00
2008.00,10.00,27.00,57.54,56.32,54.89,53.57,169.59,135.95,58.13,57.58,51.29,54.29,52.91,57.12,53.51,59.47,53.84,72.60,229.50,57.50,52.59,60.88,54.84,57.42,50.45,57.88
2008.00,10.00,28.00,52.51,58.03,53.25,213.51,89.63,56.89,50.18,58.94,53.16,61.61,51.77,56.56,50.85,58.32,173.01,121.87,55.56,55.72,348.03,556.90,488.18,652.80,545.47,394.08
2008.00,10.00,29.00,404.63,424.86,586.66,306.76,152.35,145.91,156.27,146.52,149.70,147.71,282.07,285.31,359.22,152.78,147.27,154.05,148.40,151.07,143.21,148.82,259.89,143.69,150.33,145.80
2008.00,10.00,30.00,151.10,144.83,154.78,144.79,147.17,288.76,148.31,149.59,144.83,149.04,140.50,164.79,63.19,95.86,290.90,236.15,112.89,104.97,111.69,104.38,117.12,142.09,111.50,186.93
2008.00,10.00,31.00,179.81,56.04,50.73,55.21,51.71,50.58,55.87,48.13,54.61,181.86,184.87,135.48,364.06,306.57,304.37,333.80,366.66,364.89,300.95,305.33,181.01,93.33,99.32,95.57
2008.00,11.00,1.00,99.86,93.02,97.92,97.30,95.03,100.48,248.48,139.55,94.79,102.03,92.83,96.19,100.55,94.82,103.50,95.87,171.20,213.99,100.50,95.90,98.59,97.63,94.23,101.86
2008.00,11.00,2.00,96.30,101.01,94.31,286.24,97.19,102.01,95.46,95.90,98.52,95.72,101.83,93.37,206.90,199.39,104.51,98.74,99.29,145.98,94.29,103.06,94.63,102.74,94.69,287.01
2008.00,11.00,3.00,96.74,99.07,93.15,98.07,95.80,93.03,100.06,94.60,98.93,202.63,181.50,94.35,104.06,96.19,105.11,98.05,99.76,174.14,155.63,162.46,241.58,69.21,60.58,67.56
2008.00,11.00,4.00,60.87,68.93,60.78,67.07,61.13,67.20,151.99,162.61,67.15,62.41,67.74,60.92,71.23,62.33,68.99,110.27,123.36,420.07,735.81,581.47,875.67,864.60,167.41,88.26
2008.00,11.00,5.00,70.44,69.67,68.45,67.11,64.23,121.50,137.08,308.36,703.82,594.22,506.73,615.34,571.91,872.03,462.06,579.47,707.13,564.11,464.43,635.42,569.39,825.21,501.09,211.19
2008.00,11.00,6.00,61.26,64.37,57.56,66.94,155.80,70.34,297.66,545.64,328.75,349.99,289.38,182.99,163.33,154.71,122.35,166.40,171.78,65.45,340.96,454.33,423.13,359.84,236.46,84.62
2008.00,11.00,7.00,67.83,72.85,61.47,70.67,113.79,149.61,194.97,509.59,269.93,270.71,271.17,329.29,303.82,324.48,338.24,117.83,109.31,100.73,229.30,249.81,267.73,526.39,237.80,127.64
2008.00,11.00,8.00,64.41,70.88,65.36,68.95,60.96,76.03,242.42,548.79,284.23,280.77,135.99,142.99,113.34,217.99,149.84,102.47,111.64,355.08,375.60,438.89,359.61,282.49,732.32,407.98
2008.00,11.00,9.00,177.40,123.82,67.67,69.44,63.16,130.82,499.28,216.81,173.87,330.43,380.02,503.38,367.35,330.94,342.97,365.84,402.98,758.92,862.27,623.05,680.91,550.60,336.75,105.39
2008.00,11.00,10.00,75.87,72.67,66.72,67.75,63.01,70.92,108.78,586.12,485.09,419.81,360.87,407.80,412.83,496.83,321.30,191.28,382.86,559.75,327.09,216.84,154.37,457.40,410.21,206.40
2008.00,11.00,11.00,147.14,222.30,70.71,60.71,66.90,63.91,71.87,158.70,304.71,349.27,347.34,531.19,462.68,593.76,372.06,445.46,373.36,532.68,430.98,388.10,558.24,481.38,554.54,473.68
2008.00,11.00,12.00,282.83,261.25,263.07,263.02,260.45,259.93,357.10,663.20,324.80,276.44,268.59,310.07,302.35,389.51,437.87,126.96,150.39,277.12,275.43,188.80,271.27,554.85,332.95,93.49
2008.00,11.00,13.00,63.31,67.97,62.00,71.68,63.19,66.06,309.24,472.86,277.54,270.59,225.72,61.51,69.21,62.82,70.52,62.27,63.68,65.34,165.43,394.65,261.89,305.50,389.47,142.79
2008.00,11.00,14.00,66.94,73.05,66.80,69.94,73.06,60.59,134.06,488.43,434.53,382.13,279.50,272.28,338.45,336.34,138.92,110.44,74.28,291.46,218.78,307.18,267.35,342.58,331.09,165.19
2008.00,11.00,15.00,67.28,62.41,65.83,62.12,67.39,61.51,200.70,438.08,401.48,283.07,303.39,134.38,356.54,191.05,443.90,823.94,674.59,892.34,754.17,653.30,800.32,735.73,635.84,841.97
2008.00,11.00,16.00,526.13,458.95,487.39,98.21,157.88,55.14,64.83,60.51,58.19,121.74,226.83,274.46,322.81,527.75,453.13,572.61,313.60,210.22,541.11,623.59,742.25,501.84,233.81,131.56
2008.00,11.00,17.00,126.15,85.03,55.26,60.90,121.25,106.16,132.65,494.36,348.29,267.35,264.52,272.49,262.86,269.18,269.47,144.99,52.40,136.49,224.16,262.40,463.24,302.67,208.42,70.67
2008.00,11.00,18.00,72.04,67.64,70.34,62.11,122.93,159.12,219.00,642.90,427.19,414.63,327.66,330.25,270.83,276.02,151.42,72.87,64.63,92.07,274.15,528.36,286.45,324.96,354.23,129.46
2008.00,11.00,19.00,66.67,63.50,71.71,63.14,72.27,64.17,207.80,420.07,399.74,367.23,276.47,368.71,145.80,87.19,253.34,346.89,121.41,310.52,327.55,606.43,607.60,437.95,252.19,102.24
2008.00,11.00,20.00,78.94,75.50,66.12,71.35,68.09,173.28,263.36,570.22,378.92,374.11,279.47,273.94,196.29,69.64,74.96,68.55,76.31,252.31,319.15,653.67,473.11,329.50,280.19,88.12
2008.00,11.00,21.00,73.75,67.57,64.32,70.23,212.33,70.72,191.58,551.09,404.02,278.07,272.54,280.56,156.31,69.39,131.98,296.09,347.47,392.62,285.32,377.46,305.91,307.29,221.53,66.53
2008.00,11.00,22.00,79.30,158.11,63.40,65.54,60.52,69.07,172.44,492.66,278.51,276.16,272.64,165.05,178.20,309.78,235.77,85.55,84.29,172.77,217.50,297.85,420.15,766.76,404.41,291.13
2008.00,11.00,23.00,162.21,165.72,159.89,166.78,102.41,183.83,68.06,67.31,111.64,361.34,336.52,278.93,818.98,388.92,529.47,678.62,553.96,828.37,1292.10,737.15,1242.87,743.63,651.37,553.91
2008.00,11.00,24.00,541.59,279.02,286.76,276.60,281.24,269.92,423.88,817.88,640.65,561.37,479.90,394.08,378.77,392.86,385.30,388.11,406.49,320.88,448.41,413.65,545.82,786.57,449.67,377.27
2008.00,11.00,25.00,243.00,224.38,222.52,246.71,240.98,346.13,416.55,726.65,511.62,512.11,434.81,374.36,392.55,239.11,176.17,159.21,163.56,303.57,445.94,791.80,700.56,456.81,396.76,146.23
2008.00,11.00,26.00,51.78,56.26,53.43,54.31,58.17,52.33,404.44,563.46,278.84,260.32,263.80,267.94,297.80,155.60,53.57,61.07,51.31,57.06,97.89,209.83,599.62,409.58,390.00,227.71
2008.00,11.00,27.00,154.03,144.89,184.48,134.20,161.26,164.56,425.71,639.75,401.57,363.53,344.10,347.18,359.66,363.79,374.74,251.12,139.01,156.54,240.94,744.67,761.67,546.78,183.03,166.77
2008.00,11.00,28.00,55.93,53.15,59.37,51.60,58.95,53.03,260.24,589.26,530.96,327.09,262.86,271.80,320.28,221.87,106.21,115.20,334.62,254.39,331.74,553.71,547.79,535.80,222.46,72.36
2008.00,11.00,29.00,56.46,51.10,58.45,132.39,83.38,53.53,86.28,540.88,612.15,318.36,178.76,158.62,262.55,463.46,577.30,389.89,274.88,309.25,313.51,768.45,392.18,658.80,591.98,659.19
2008.00,11.00,30.00,500.19,244.57,57.50,52.19,59.77,54.00,57.77,161.85,299.09,233.91,187.98,198.83,231.51,384.82,377.83,275.97,232.96,198.18,725.37,544.25,1168.01,818.65,489.54,327.81
2008.00,12.00,1.00,76.78,75.62,66.25,73.25,65.07,67.08,167.88,521.34,333.11,316.35,313.31,312.60,305.30,197.92,97.16,103.58,169.94,227.12,290.26,243.06,579.41,470.25,142.40,91.25
2008.00,12.00,2.00,70.65,74.11,68.80,74.76,69.56,208.29,176.42,430.67,483.63,281.34,320.61,295.25,325.69,330.63,308.46,98.06,130.32,336.40,401.88,212.92,426.18,459.20,212.58,90.57
2008.00,12.00,3.00,63.98,107.94,155.40,63.06,68.47,63.94,244.88,461.65,528.06,465.81,277.56,282.17,180.10,151.54,312.16,107.50,143.97,374.18,553.11,295.22,261.65,265.74,260.43,72.81
2008.00,12.00,4.00,64.65,62.84,72.44,190.15,69.44,65.45,125.03,527.37,450.89,387.77,383.17,275.61,287.93,282.43,202.66,69.38,64.51,69.06,191.13,540.57,436.44,462.32,253.34,172.50
2008.00,12.00,5.00,176.08,176.71,150.35,149.06,62.24,64.95,218.48,453.26,436.05,378.99,280.50,273.96,62.36,67.70,107.53,240.34,479.55,413.86,557.69,450.85,515.32,292.33,432.02,317.21
2008.00,12.00,6.00,182.86,74.45,50.22,52.84,81.40,148.89,96.53,388.67,549.15,443.28,832.88,701.38,583.58,918.08,310.77,262.77,253.64,389.71,494.91,477.45,258.07,353.52,183.26,196.16
2008.00,12.00,7.00,304.93,92.96,69.28,63.43,58.23,122.65,126.22,165.86,229.69,409.20,358.53,386.11,666.96,453.18,447.52,341.69,338.72,328.81,659.94,781.71,592.46,476.15,314.26,308.60
2008.00,12.00,8.00,298.97,164.13,94.40,86.49,86.43,88.92,312.55,543.82,577.98,465.43,280.82,268.23,272.74,273.96,273.62,277.80,108.49,78.94,225.46,312.62,468.99,373.65,131.48,67.87
2008.00,12.00,9.00,51.67,54.74,163.76,99.35,58.47,126.04,150.99,438.06,433.27,384.91,421.18,297.41,272.87,271.49,274.70,283.21,194.91,228.19,473.54,630.92,787.32,308.61,111.61,58.11
2008.00,12.00,10.00,53.08,59.55,55.68,72.69,172.36,51.99,158.12,484.65,625.07,535.99,386.13,409.46,340.39,305.18,389.59,609.05,348.74,736.92,392.57,227.60,335.33,469.98,124.03,58.30
2008.00,12.00,11.00,55.47,61.89,51.65,54.97,56.12,198.04,319.42,572.49,313.44,386.57,273.08,269.07,86.93,56.89,54.95,61.59,54.85,232.04,272.66,418.91,453.42,199.37,114.27,84.16
2008.00,12.00,12.00,81.81,60.07,56.24,106.92,159.54,54.84,253.22,432.28,342.36,275.76,261.10,261.01,265.78,271.43,169.27,132.53,140.04,489.50,444.90,324.97,590.21,429.13,296.32,60.25
2008.00,12.00,13.00,52.95,57.94,52.49,164.26,59.48,51.67,79.08,419.83,421.04,283.69,343.22,208.99,171.01,262.23,272.69,498.25,789.97,542.65,261.75,444.80,290.05,75.88,90.22,98.35
2008.00,12.00,14.00,70.85,72.22,96.26,128.04,70.24,66.22,64.63,200.48,565.54,485.97,192.76,462.80,671.26,321.00,355.27,533.92,160.99,270.85,283.13,474.18,460.61,277.52,167.34,119.90
2008.00,12.00,15.00,64.02,68.35,65.81,136.55,105.87,62.87,161.93,396.83,478.85,285.87,281.36,274.99,275.34,282.67,267.43,64.98,73.46,183.41,522.76,366.30,428.45,545.59,311.02,188.85
2008.00,12.00,16.00,75.18,70.16,65.09,220.70,69.96,62.85,122.42,667.38,482.77,370.19,284.40,299.46,313.42,294.30,353.24,249.01,92.02,140.95,165.40,257.93,568.45,374.49,213.38,85.82
2008.00,12.00,17.00,200.25,67.30,65.09,72.59,64.06,62.52,163.19,389.92,523.41,294.96,386.05,319.11,336.30,299.60,117.23,77.01,157.38,284.70,616.26,623.25,583.60,614.23,386.67,184.58
2008.00,12.00,18.00,63.00,60.63,61.84,58.33,66.53,169.31,281.58,513.42,510.11,334.89,270.08,263.69,262.69,269.15,272.14,191.93,58.30,51.95,109.70,395.11,520.83,351.29,322.64,242.37
2008.00,12.00,19.00,219.62,65.20,69.02,62.53,62.37,70.38,170.78,500.58,324.92,277.36,276.70,269.63,272.05,281.99,153.05,65.76,134.38,484.60,524.29,293.68,576.68,455.45,469.86,97.19
2008.00,12.00,20.00,60.31,54.73,60.22,52.36,54.57,71.11,180.68,514.37,520.18,358.92,357.96,405.40,285.00,688.14,436.33,550.36,336.63,459.79,409.24,589.69,294.06,244.82,84.15,299.27
2008.00,12.00,21.00,530.33,138.07,60.38,52.79,61.02,52.89,54.86,115.33,566.75,510.98,472.55,733.13,331.00,275.94,272.73,274.80,671.19,853.67,704.01,600.21,486.46,585.01,161.74,111.82
2008.00,12.00,22.00,63.08,59.28,66.83,62.05,223.53,59.27,129.09,209.98,326.49,354.12,351.58,388.73,400.58,568.42,302.76,180.31,366.20,387.02,189.37,277.90,368.50,374.90,338.98,567.91
2008.00,12.00,23.00,372.94,174.22,159.87,93.11,60.01,161.32,228.07,454.78,309.10,349.52,164.64,175.17,190.79,308.48,567.90,306.36,164.89,81.01,178.59,473.74,600.84,140.85,128.36,57.67
2008.00,12.00,24.00,54.92,69.32,54.40,92.54,120.27,55.19,141.57,288.39,273.87,276.06,290.50,134.21,304.22,304.12,131.28,88.91,338.04,422.57,284.15,84.27,91.76,87.52,86.05,93.45
2008.00,12.00,25.00,362.89,172.09,52.75,53.41,57.46,49.94,55.65,180.28,252.10,313.75,278.59,135.86,84.24,101.28,64.54,73.78,79.27,111.22,161.47,254.14,278.25,128.89,104.18,77.09
2008.00,12.00,26.00,57.77,53.47,113.80,131.27,52.86,55.26,56.22,52.44,199.07,291.99,270.49,173.57,129.08,116.08,442.84,372.65,186.43,361.23,163.61,148.75,68.72,111.36,135.34,272.58
2008.00,12.00,27.00,324.27,539.94,510.28,508.89,507.79,493.16,297.42,280.30,278.49,274.08,328.91,483.30,481.37,314.15,269.03,267.75,274.46,262.44,354.15,400.96,603.07,528.49,688.92,484.52
2008.00,12.00,28.00,361.82,351.31,437.12,367.14,343.05,442.22,363.62,271.00,225.00,60.59,109.24,160.38,234.05,300.05,282.45,274.94,102.27,57.59,101.35,54.94,50.98,55.94,51.15,97.42
2008.00,12.00,29.00,167.57,55.69,53.62,54.19,57.50,50.06,50.79,52.05,78.32,213.49,51.51,52.89,60.10,50.12,50.65,56.91,53.08,49.97,236.02,115.18,53.08,50.98,57.33,51.57
2008.00,12.00,30.00,53.75,57.63,52.97,52.45,254.83,52.74,51.74,55.83,54.83,50.94,126.26,53.45,133.05,209.10,217.88,305.04,409.66,506.40,281.82,288.06,285.53,130.43,143.27,95.70
2008.00,12.00,31.00,52.70,49.36,57.29,51.99,161.21,87.56,51.73,213.40,416.29,314.38,187.35,166.72,385.56,354.33,451.46,326.25,307.79,306.01,343.74,620.99,823.05,398.88,206.08,113.33
2009.00,1.00,1.00,105.36,106.44,113.32,103.69,102.79,111.34,280.94,118.58,107.82,103.41,250.19,77.55,54.75,57.90,56.53,55.11,251.62,52.34,182.15,343.39,681.21,416.07,317.27,567.71
2009.00,1.00,2.00,472.82,85.01,63.59,57.31,87.41,188.53,59.87,57.29,202.38,248.05,663.46,616.29,271.54,268.71,351.00,480.93,462.71,609.02,800.56,539.19,278.22,277.17,363.98,135.02
2009.00,1.00,3.00,56.74,58.42,56.58,59.71,65.01,60.00,154.03,64.65,466.55,352.47,416.18,737.14,467.57,241.83,321.57,178.22,144.09,137.97,310.83,595.64,464.58,338.50,267.83,264.95
2009.00,1.00,4.00,90.34,88.52,91.15,96.14,93.15,191.82,89.40,86.41,170.93,115.87,164.39,77.87,388.66,156.40,575.36,372.30,430.24,427.12,503.55,743.77,630.79,602.60,106.96,74.30
2009.00,1.00,5.00,70.51,81.22,67.87,68.32,184.32,67.07,236.47,465.89,392.52,284.36,276.39,289.84,177.12,64.67,67.53,69.33,75.57,104.36,356.79,495.05,737.76,456.39,105.97,69.79
2009.00,1.00,6.00,65.04,62.30,198.18,74.37,64.00,62.57,284.52,477.07,361.45,346.59,346.73,294.70,278.54,291.09,289.48,236.73,66.74,183.14,290.83,498.03,340.22,143.10,88.44,203.10
2009.00,1.00,7.00,80.32,67.46,69.34,68.12,65.97,65.76,236.69,456.68,282.14,277.90,290.40,377.02,349.59,462.44,723.84,272.03,147.46,226.60,415.74,683.88,637.88,299.64,153.90,117.70
2009.00,1.00,8.00,64.75,65.22,72.46,63.72,187.90,86.78,134.79,467.40,317.93,391.86,274.24,275.16,276.77,293.09,112.73,62.69,61.96,60.62,448.99,495.54,613.13,316.96,136.30,80.24
2009.00,1.00,9.00,69.14,63.16,62.51,62.04,210.43,73.33,349.19,482.15,309.64,334.41,301.83,285.36,90.12,105.31,140.39,116.94,97.65,411.95,614.37,509.59,353.65,418.47,359.76,50.03
2009.00,1.00,10.00,49.76,53.90,54.18,57.51,54.36,51.37,216.26,525.27,369.77,273.64,269.15,124.52,109.02,255.01,232.66,98.69,407.88,742.22,772.55,747.35,608.58,238.76,85.00,505.55
2009.00,1.00,11.00,74.32,67.49,57.74,58.84,64.44,67.88,60.16,164.89,140.24,134.97,254.23,241.34,437.12,798.20,213.27,98.39,94.07,284.19,612.42,749.62,393.85,690.10,534.43,193.97
2009.00,1.00,12.00,61.57,50.10,53.28,51.49,164.78,61.00,146.20,435.29,292.29,264.93,278.13,263.17,267.27,267.08,274.00,288.35,216.75,170.96,217.91,301.43,335.16,532.05,149.15,74.47
2009.00,1.00,13.00,62.56,76.65,61.63,196.29,66.78,60.71,358.76,467.39,558.60,442.57,289.62,305.06,327.78,283.93,284.67,290.52,263.09,159.21,400.52,321.70,515.71,536.69,525.73,308.23
2009.00,1.00,14.00,85.46,66.28,58.87,58.48,58.33,56.83,197.97,455.93,435.79,459.67,348.65,368.68,352.41,252.24,52.55,66.62,83.85,155.81,254.65,372.75,540.06,647.91,359.76,51.88
2009.00,1.00,15.00,64.23,54.15,53.27,52.34,166.70,62.97,131.12,416.91,320.23,271.52,263.14,256.18,260.55,206.20,67.57,53.60,50.15,80.64,220.30,561.25,662.54,503.46,264.96,90.06
2009.00,1.00,16.00,74.58,65.09,61.32,197.01,67.25,60.09,283.05,478.67,327.17,273.86,272.24,204.33,70.40,68.23,221.05,423.26,478.43,817.59,628.43,976.52,1284.04,670.00,521.63,556.97
2009.00,1.00,17.00,438.12,281.51,280.03,286.10,282.94,351.88,341.82,665.17,628.37,615.32,445.96,298.69,388.46,418.34,328.42,200.06,589.03,660.76,587.88,677.36,502.33,721.98,473.35,426.88
2009.00,1.00,18.00,229.44,65.06,53.34,51.17,58.61,59.91,54.32,171.65,346.60,593.04,374.99,695.92,563.38,430.31,732.04,829.19,503.48,430.74,698.61,900.66,710.38,957.32,530.55,312.96
2009.00,1.00,19.00,174.59,56.49,58.53,67.26,59.21,62.04,201.20,553.17,486.18,267.32,274.25,268.71,267.64,274.77,191.05,58.31,55.38,74.60,180.71,350.62,711.13,521.71,292.69,72.23
2009.00,1.00,20.00,60.50,55.76,55.78,51.27,205.64,51.63,293.21,472.19,381.42,298.60,333.40,286.50,348.29,299.36,266.88,277.80,274.83,263.44,114.96,208.17,346.30,320.75,298.69,139.70
2009.00,1.00,21.00,63.86,61.84,52.73,50.60,57.02,50.47,388.38,548.07,474.73,344.14,259.93,268.55,311.81,304.11,148.89,61.40,210.06,205.01,329.56,171.53,342.54,705.12,222.23,77.13
2009.00,1.00,22.00,71.20,67.95,64.00,69.22,218.38,66.53,129.45,401.19,466.63,272.18,270.60,297.58,283.93,71.66,61.93,77.20,119.19,74.57,197.57,136.53,75.76,310.93,193.09,64.34
2009.00,1.00,23.00,70.12,61.84,64.93,65.39,63.92,70.02,284.99,473.77,399.29,379.11,346.36,313.72,335.54,388.74,471.85,312.87,128.54,255.88,528.22,432.83,284.92,139.37,137.26,261.85
2009.00,1.00,24.00,70.22,65.07,67.66,65.39,62.64,68.43,64.36,299.94,544.87,327.17,366.67,999.21,701.77,574.31,167.91,61.78,72.62,209.78,491.69,396.88,618.13,314.03,279.92,333.56
2009.00,1.00,25.00,594.47,394.09,277.59,266.87,272.26,271.78,264.96,346.89,435.15,320.79,294.89,248.15,671.17,852.88,506.87,626.82,438.80,472.57,423.42,541.70,247.23,236.50,103.96,224.50
2009.00,1.00,26.00,78.14,54.42,60.65,50.89,50.94,57.71,162.70,460.82,312.07,286.72,230.80,72.79,344.64,381.24,350.99,370.82,211.74,175.46,137.78,470.47,371.88,477.51,170.67,154.59
2009.00,1.00,27.00,83.17,74.59,81.69,70.34,73.84,200.07,146.12,399.82,343.86,348.14,312.56,253.65,121.83,181.17,96.36,81.17,70.09,200.94,101.74,573.76,334.88,247.76,204.72,75.39
2009.00,1.00,28.00,522.81,240.60,142.90,53.00,52.51,60.08,103.90,368.11,321.09,321.49,421.09,439.45,417.63,411.11,459.81,829.03,847.13,636.58,763.25,468.57,557.76,344.78,90.28,61.13
2009.00,1.00,29.00,59.35,53.84,59.79,54.85,182.76,59.64,136.64,406.19,376.98,369.94,271.84,190.21,375.90,360.70,363.33,145.83,177.73,139.17,167.62,329.22,262.90,312.47,237.85,70.92
2009.00,1.00,30.00,62.77,57.92,56.43,62.78,58.65,55.00,344.48,495.00,378.26,420.24,249.45,210.66,379.79,396.98,385.98,383.53,311.27,594.74,497.48,393.84,325.18,382.31,183.83,72.22
2009.00,1.00,31.00,156.79,55.93,56.93,55.70,59.62,53.08,74.37,523.91,479.96,494.11,348.75,638.01,548.64,433.25,532.80,248.43,671.09,999.03,741.20,886.98,768.11,683.76,752.68,611.29
2009.00,2.00,1.00,654.20,605.74,278.75,118.70,64.88,63.36,63.90,59.38,214.96,221.00,108.29,290.80,409.18,422.07,228.65,147.44,155.02,325.76,460.19,288.64,450.90,214.06,149.83,55.38
2009.00,2.00,2.00,54.28,59.38,54.12,170.20,58.92,54.92,361.41,416.21,269.21,263.49,262.91,265.17,261.14,51.29,56.23,60.42,94.81,63.00,203.95,436.98,541.28,362.43,471.78,369.30
2009.00,2.00,3.00,65.72,57.04,57.38,57.64,59.60,55.82,314.65,409.53,301.58,312.52,321.54,311.31,337.36,456.25,299.33,275.89,274.63,305.13,370.04,347.58,341.52,346.78,241.66,212.48
2009.00,2.00,4.00,54.02,52.05,188.19,51.60,52.49,53.52,436.09,663.48,796.88,520.74,565.61,354.04,313.28,259.02,522.30,431.75,279.76,362.69,500.73,503.47,512.63,271.11,269.87,62.67
2009.00,2.00,5.00,67.53,225.53,57.98,111.87,159.52,53.87,263.18,334.23,281.19,296.72,273.07,264.14,164.18,298.07,303.58,112.18,285.90,227.14,290.48,379.08,536.51,139.37,159.57,128.23
2009.00,2.00,6.00,67.87,203.16,67.74,139.61,130.26,66.16,417.15,444.16,497.33,350.99,439.50,284.73,142.43,216.58,76.17,169.65,241.23,467.53,570.23,352.75,299.40,459.89,340.24,279.10
2009.00,2.00,7.00,227.63,61.34,54.28,57.62,54.95,51.27,54.42,228.56,377.76,288.74,511.19,730.75,429.80,568.52,867.14,699.82,670.39,461.60,600.57,592.79,865.76,577.75,707.86,538.76
2009.00,2.00,8.00,483.56,622.97,275.43,274.99,166.75,57.52,56.98,63.02,58.44,190.56,326.95,305.88,271.94,405.83,97.81,151.09,459.69,435.15,734.41,592.69,695.75,272.76,96.79,68.28
2009.00,2.00,9.00,61.18,170.01,63.98,61.09,53.90,55.33,260.09,474.04,373.04,266.41,283.44,410.45,461.14,472.31,186.62,145.59,93.98,178.48,239.52,553.74,332.76,214.18,128.10,62.67
2009.00,2.00,10.00,218.31,53.76,53.09,59.09,54.71,53.71,150.53,475.93,357.92,350.37,339.40,265.74,310.26,373.30,350.13,355.23,362.57,254.71,256.80,345.89,445.13,278.40,335.73,279.91
2009.00,2.00,11.00,191.14,53.29,52.63,58.38,54.13,52.54,253.71,461.64,288.24,296.99,467.22,433.62,836.89,682.90,448.02,327.29,138.18,199.59,1030.80,466.19,800.48,682.79,319.87,67.25
2009.00,2.00,12.00,59.41,60.63,201.40,55.62,59.28,57.90,213.13,534.94,300.39,267.85,290.40,319.82,317.24,341.58,265.61,268.53,278.61,269.07,287.62,567.37,643.06,551.36,194.21,57.09
2009.00,2.00,13.00,53.12,58.08,52.38,53.71,58.37,51.80,126.81,378.10,522.85,299.50,341.81,260.59,263.09,268.20,267.88,194.91,182.89,373.60,264.18,592.46,345.21,284.51,187.91,65.51
2009.00,2.00,14.00,64.54,64.33,53.62,51.43,51.59,103.77,230.90,423.29,425.50,296.55,291.41,688.40,394.43,459.67,326.49,576.72,394.37,285.50,417.34,470.76,508.49,372.94,334.94,379.62
2009.00,2.00,15.00,274.00,268.51,265.64,267.09,263.72,268.86,265.09,259.74,318.42,408.96,355.42,389.84,269.60,267.25,96.16,56.96,51.46,70.34,182.65,179.74,84.79,199.38,72.00,70.53
2009.00,2.00,16.00,76.11,72.97,70.80,73.35,77.36,78.94,224.53,76.06,70.62,125.57,145.66,154.26,140.24,76.59,72.68,196.99,135.15,210.64,385.03,622.89,438.58,325.36,271.50,207.70
2009.00,2.00,17.00,49.57,58.00,49.53,49.61,58.19,49.69,112.50,93.82,425.88,107.86,149.21,262.60,265.34,82.72,49.49,62.66,77.69,69.79,69.99,121.02,138.97,75.53,72.41,73.54
2009.00,2.00,18.00,76.22,68.80,70.56,78.48,120.71,160.41,78.62,68.60,68.62,76.35,172.05,262.34,264.21,261.44,121.49,50.29,51.46,57.59,88.96,74.23,77.97,135.63,147.57,80.20
2009.00,2.00,19.00,70.04,70.34,76.20,69.27,71.63,73.11,88.20,225.67,73.21,70.28,71.14,86.48,119.51,146.41,191.34,117.01,216.18,147.51,70.63,74.06,68.21,73.08,78.28,72.30
2009.00,2.00,20.00,71.66,76.09,197.26,141.92,77.05,69.23,72.04,80.26,245.27,149.59,160.78,253.35,343.87,191.59,142.84,134.33,148.79,674.51,583.18,594.82,503.94,442.07,503.17,315.92
2009.00,2.00,21.00,352.69,342.01,349.16,383.87,346.46,56.12,215.31,62.57,68.53,93.38,125.86,229.51,299.09,371.36,136.55,167.83,62.22,99.84,77.32,68.95,69.22,199.83,70.25,72.46
2009.00,2.00,22.00,77.71,72.76,76.77,71.84,72.23,76.38,182.46,107.93,79.65,69.95,80.95,199.22,51.75,54.17,52.07,113.61,732.42,951.16,787.48,757.90,884.10,920.50,439.86,434.95
2009.00,2.00,23.00,284.63,267.70,275.70,265.42,270.35,267.62,362.41,697.70,695.19,489.18,298.90,305.46,315.40,347.15,317.12,317.06,260.58,149.95,228.87,277.63,608.80,353.47,885.13,431.79
2009.00,2.00,24.00,268.42,106.54,58.72,62.90,58.15,55.99,181.42,371.13,619.81,369.69,272.78,307.01,287.78,289.37,263.98,272.42,267.56,266.26,303.29,332.17,256.61,416.24,98.30,66.65
2009.00,2.00,25.00,59.10,64.21,63.25,59.42,66.80,185.91,255.46,413.40,370.88,187.55,214.48,260.99,265.29,62.83,54.19,61.09,53.16,58.74,54.08,192.70,333.88,338.41,105.07,59.12
2009.00,2.00,26.00,52.22,58.17,56.22,151.68,77.24,52.72,168.39,298.34,278.98,260.14,263.45,255.85,218.90,57.55,53.65,59.56,54.29,134.72,332.38,379.33,104.24,270.83,73.95,84.58
2009.00,2.00,27.00,95.79,218.74,98.61,91.38,53.71,60.22,86.68,390.47,245.54,116.15,175.10,325.83,390.65,398.92,399.64,500.94,420.88,377.90,347.09,386.58,513.53,499.49,368.40,97.68
2009.00,2.00,28.00,80.87,74.32,74.18,78.95,74.25,71.76,170.15,169.35,104.44,334.88,259.84,411.99,331.45,312.03,109.56,72.58,231.46,545.53,629.33,539.11,138.36,196.02,88.94,253.59
2009.00,3.00,1.00,110.31,72.84,62.96,71.66,63.94,63.77,67.10,156.00,186.46,645.39,735.20,539.40,633.50,339.80,404.78,806.04,865.44,266.68,334.69,353.49,668.51,480.34,110.52,74.60
2009.00,3.00,2.00,69.12,66.13,69.39,163.21,68.71,65.96,149.62,433.89,279.17,284.99,317.83,185.99,148.45,141.58,132.93,310.19,388.85,124.15,106.27,330.13,532.03,298.34,109.43,73.34
2009.00,3.00,3.00,62.69,64.25,195.58,65.24,68.20,62.45,273.28,552.81,461.87,411.13,284.35,313.71,317.37,297.98,311.04,281.76,274.92,160.63,134.14,266.11,447.63,414.67,281.44,65.95
2009.00,3.00,4.00,207.17,66.46,63.21,66.98,64.64,61.03,187.75,552.18,291.26,295.67,299.22,363.06,139.34,191.89,266.57,373.45,84.96,178.06,528.42,403.50,303.20,477.43,392.67,188.65
2009.00,3.00,5.00,82.25,80.89,77.83,76.89,75.76,198.30,164.14,467.66,308.13,283.98,279.89,280.17,288.97,279.96,121.01,76.17,70.46,100.32,233.12,414.05,459.84,130.87,96.10,85.99
2009.00,3.00,6.00,74.05,79.05,70.19,113.04,200.27,71.05,249.10,440.43,316.13,288.47,282.03,230.48,150.04,143.68,284.23,326.08,314.75,275.71,238.97,355.91,664.84,429.51,189.80,66.43
2009.00,3.00,7.00,63.12,170.79,64.06,63.00,68.96,63.22,216.73,373.16,336.08,277.00,266.47,116.51,211.54,192.02,302.71,296.90,294.47,519.48,526.00,483.89,308.84,171.67,88.69,93.33
2009.00,3.00,8.00,84.06,111.28,71.76,55.26,176.61,112.71,60.41,83.80,86.95,409.55,565.70,798.32,668.28,323.61,449.69,377.38,425.29,476.54,672.54,315.30,215.67,758.35,366.90,71.45
2009.00,3.00,9.00,67.81,61.18,61.48,59.43,57.46,139.30,195.30,428.14,268.66,264.43,278.19,316.58,345.29,344.89,491.32,112.97,76.80,123.26,114.66,355.40,504.88,476.41,175.48,213.53
2009.00,3.00,10.00,64.90,70.89,64.86,213.75,69.15,65.00,224.13,581.74,355.31,328.53,366.74,284.45,308.74,301.20,302.23,296.47,102.47,112.23,205.16,333.32,281.21,366.38,354.06,374.44
2009.00,3.00,11.00,213.82,189.19,202.52,199.69,169.32,198.41,348.11,572.60,422.86,412.50,329.81,639.95,335.63,274.67,655.24,394.93,146.00,386.07,345.48,186.86,292.82,699.28,210.93,70.71
2009.00,3.00,12.00,57.59,60.01,58.20,61.43,53.68,181.45,309.88,625.34,379.17,360.72,363.88,385.04,296.32,338.07,374.63,363.03,344.26,232.75,130.57,346.84,380.53,331.81,104.76,54.98
2009.00,3.00,13.00,55.43,61.74,54.63,130.16,132.25,55.91,270.87,441.63,284.06,261.30,263.74,256.02,58.07,124.39,167.94,83.00,191.19,275.75,294.16,252.34,350.60,313.00,305.24,61.48
2009.00,3.00,14.00,55.93,58.30,52.66,54.60,60.07,161.81,77.15,379.73,375.23,299.58,408.05,350.91,300.45,284.38,283.33,277.71,220.04,213.26,490.40,500.25,490.38,505.59,585.26,569.13
2009.00,3.00,15.00,332.64,302.99,295.17,70.38,55.15,58.09,52.76,73.49,327.16,655.67,300.64,251.05,318.72,159.77,518.88,270.05,95.07,281.44,116.99,439.83,307.94,299.56,541.36,250.01
2009.00,3.00,16.00,72.76,61.48,57.28,58.93,54.53,51.99,322.50,384.12,268.44,266.15,267.79,270.53,266.22,200.78,52.45,54.69,62.14,58.66,62.77,195.34,334.85,565.13,326.32,74.81
2009.00,3.00,17.00,59.56,62.06,193.86,51.95,60.04,54.10,135.36,351.70,425.35,317.49,386.56,335.82,289.28,291.46,301.99,289.38,251.04,77.75,80.81,458.03,763.12,538.94,438.81,127.03
2009.00,3.00,18.00,63.44,110.32,141.36,62.12,53.13,59.72,221.68,365.36,272.93,263.79,280.96,297.26,302.50,279.84,277.87,143.40,75.02,78.56,66.66,197.84,202.39,501.68,389.09,54.94
2009.00,3.00,19.00,61.20,52.66,61.19,57.19,53.41,95.47,252.81,369.85,267.88,263.68,265.51,259.61,266.81,265.30,267.14,66.71,52.94,58.43,74.91,216.13,130.60,124.38,142.30,185.09
2009.00,3.00,20.00,209.94,59.48,53.62,58.68,54.50,58.05,136.93,371.31,276.26,263.30,271.92,265.50,268.02,230.65,78.81,59.70,68.53,289.47,63.32,615.99,441.39,299.39,128.63,181.90
2009.00,3.00,21.00,55.23,58.13,52.40,59.21,55.52,53.35,60.33,260.06,540.97,304.21,372.12,144.46,193.82,220.93,98.84,91.96,332.16,576.32,534.32,707.84,586.22,515.08,279.49,182.33
2009.00,3.00,22.00,78.61,57.67,54.43,62.19,89.91,125.02,54.82,143.79,71.47,103.89,108.50,69.65,571.21,423.38,405.99,465.27,596.47,489.15,310.83,317.65,314.67,338.76,201.00,90.38
2009.00,3.00,23.00,91.26,88.12,93.66,84.96,86.11,92.66,306.99,517.56,298.24,296.51,181.01,116.00,82.32,70.07,72.78,75.58,62.43,89.87,264.94,349.65,451.85,245.34,169.23,68.47
2009.00,3.00,24.00,69.58,74.19,68.43,70.52,116.32,143.68,254.73,490.40,329.28,276.35,352.36,321.13,273.37,252.40,66.63,63.12,71.08,75.96,96.83,736.83,453.17,376.67,354.03,67.52
2009.00,3.00,25.00,66.05,53.46,63.56,55.99,62.51,71.07,342.79,419.49,391.47,371.72,280.35,400.59,250.30,300.59,300.17,178.92,82.76,62.15,135.07,474.92,574.42,342.03,424.49,330.93
2009.00,3.00,26.00,54.41,57.82,58.25,54.46,61.24,52.95,259.51,390.80,269.81,270.57,263.05,262.75,212.77,53.46,59.47,56.35,55.17,86.28,82.55,208.68,513.55,273.94,112.53,204.75
2009.00,3.00,27.00,77.53,74.50,74.30,75.35,74.32,72.97,246.44,488.15,342.61,387.28,279.92,280.35,284.36,224.27,105.64,71.73,117.10,332.31,341.19,368.31,571.44,460.64,207.18,68.08
2009.00,3.00,28.00,66.94,184.33,65.92,69.35,62.37,64.45,141.80,375.26,379.71,288.41,393.28,255.16,504.98,319.11,159.32,202.73,236.61,434.79,861.66,562.99,438.70,295.86,469.86,588.07
2009.00,3.00,29.00,311.06,258.84,221.62,220.66,227.98,217.28,220.72,226.53,367.85,285.18,369.81,115.10,257.99,315.18,555.35,506.00,376.58,293.56,312.97,348.48,413.27,645.70,122.75,85.71
2009.00,3.00,30.00,69.25,64.46,72.76,64.75,188.77,65.85,141.56,467.53,296.29,276.31,277.43,270.72,279.70,278.82,141.93,70.02,66.54,79.72,130.41,237.76,422.54,552.23,259.44,74.94
2009.00,3.00,31.00,68.25,72.75,68.56,67.63,71.16,86.22,324.72,402.29,291.83,341.09,307.27,296.63,277.56,471.41,445.94,390.99,284.05,159.37,58.51,203.36,690.64,401.64,125.15,78.56
2009.00,4.00,1.00,194.00,146.33,144.51,138.35,272.46,137.01,189.41,466.78,577.86,270.90,281.21,286.31,64.82,183.96,104.05,67.09,72.49,77.74,74.55,477.95,423.53,449.16,217.07,69.48
2009.00,4.00,2.00,69.00,72.75,66.42,73.75,66.84,154.74,159.21,514.69,314.40,275.54,282.72,273.18,277.72,287.23,282.43,290.14,264.41,66.24,97.28,283.66,563.11,364.97,224.06,73.04
2009.00,4.00,3.00,69.83,66.79,98.23,155.98,64.54,69.27,182.15,449.56,291.35,274.21,276.41,68.70,74.72,235.25,339.92,171.81,71.81,297.34,147.29,70.43,257.79,324.41,343.74,73.37
2009.00,4.00,4.00,76.34,69.84,79.15,70.71,70.82,75.57,186.22,225.86,345.61,295.20,291.76,413.07,509.66,267.39,307.50,637.01,475.08,389.16,362.44,449.32,613.55,333.22,355.54,292.71
2009.00,4.00,5.00,284.90,74.15,72.37,77.07,69.20,77.38,68.97,293.65,250.95,182.69,272.70,469.92,548.34,221.31,83.93,65.56,75.52,171.16,148.22,166.71,430.03,248.06,86.05,76.95
2009.00,4.00,6.00,73.88,66.46,74.00,80.74,162.98,67.14,174.02,391.00,292.52,276.98,276.05,285.22,277.04,284.32,218.43,68.82,69.81,70.83,75.08,327.38,422.04,417.03,174.96,141.55
2009.00,4.00,7.00,146.01,73.91,68.55,73.38,68.94,73.07,260.81,435.13,296.65,298.47,300.07,314.90,279.72,149.14,66.81,67.94,66.00,72.86,90.64,139.29,416.80,454.84,385.35,127.82
2009.00,4.00,8.00,229.18,83.28,88.32,80.05,78.69,80.71,162.39,435.84,291.01,297.55,302.18,299.91,111.26,113.36,444.04,194.39,173.09,155.45,85.25,90.42,411.29,481.56,264.56,83.55
2009.00,4.00,9.00,84.98,98.89,70.82,71.56,74.19,197.57,306.89,591.12,298.61,276.94,297.76,307.71,303.94,239.84,84.18,69.41,76.94,100.03,230.01,669.01,624.48,672.91,332.91,124.78
2009.00,4.00,10.00,85.11,65.19,145.23,123.09,77.68,66.98,174.57,514.12,431.81,402.08,290.91,286.25,327.63,299.13,312.86,110.38,79.68,135.74,268.76,497.67,511.02,374.27,354.42,112.12
2009.00,4.00,11.00,82.76,71.14,86.39,63.50,78.22,62.33,122.10,422.86,306.47,291.11,322.74,679.90,318.13,336.99,313.42,299.94,390.38,316.18,395.92,847.82,816.38,539.43,600.99,317.90
2009.00,4.00,12.00,292.76,289.17,288.07,214.50,70.58,88.45,60.84,349.78,388.77,302.38,287.83,178.99,103.32,141.07,307.40,97.03,116.18,136.53,348.19,522.54,1004.11,1011.13,292.27,135.97
2009.00,4.00,13.00,82.42,90.01,81.40,155.87,117.40,84.37,185.66,183.24,588.12,341.23,156.78,113.55,112.37,158.41,112.05,90.05,238.74,91.25,238.09,165.79,681.09,515.18,405.07,267.29
2009.00,4.00,14.00,84.16,90.44,88.23,79.52,89.69,77.55,189.60,404.57,328.49,280.96,345.33,254.17,272.44,85.23,83.28,83.34,89.62,84.24,91.21,526.97,439.89,368.45,354.97,136.47
2009.00,4.00,15.00,98.59,114.02,119.14,105.45,104.99,102.34,177.97,324.67,236.71,91.35,73.11,91.16,77.30,86.47,81.02,84.94,131.37,157.21,140.11,362.58,411.11,479.47,255.84,84.82
2009.00,4.00,16.00,92.63,85.82,80.07,88.57,198.60,91.40,77.14,367.04,304.43,294.93,278.13,303.25,115.29,90.07,72.76,92.49,72.41,94.93,159.20,559.11,296.75,506.17,425.50,388.86
2009.00,4.00,17.00,286.06,285.15,284.95,276.91,292.54,308.59,534.64,494.60,294.81,180.05,75.66,78.06,84.35,80.91,150.77,160.02,129.15,305.08,171.66,223.12,553.71,543.80,303.17,607.78
2009.00,4.00,18.00,154.74,92.96,92.17,85.40,192.20,86.84,80.11,299.43,314.08,359.37,334.32,445.53,384.24,302.66,288.01,301.10,142.57,85.62,129.03,407.92,97.69,96.88,98.81,92.34
2009.00,4.00,19.00,74.41,80.50,73.71,70.51,177.72,136.18,78.41,78.26,92.59,88.33,291.69,278.21,275.21,275.78,256.15,68.27,72.47,65.82,72.85,95.95,401.49,627.67,357.42,133.22
2009.00,4.00,20.00,82.70,68.41,78.92,60.49,69.23,97.47,309.03,339.98,284.32,447.67,382.43,272.27,286.46,216.51,65.60,80.25,85.51,368.32,139.98,267.28,250.82,239.61,209.92,176.28
2009.00,4.00,21.00,328.76,310.93,267.87,287.84,265.75,278.51,463.40,521.75,258.57,76.80,159.39,322.19,198.82,141.55,139.55,69.67,88.44,78.79,184.17,391.77,550.10,356.50,346.56,131.33
2009.00,4.00,22.00,91.03,65.85,74.54,69.14,185.49,69.92,117.48,330.50,288.32,312.28,311.99,426.88,453.79,304.88,399.60,392.63,292.97,154.99,99.28,78.96,88.14,74.79,127.35,100.50
2009.00,4.00,23.00,183.40,182.34,82.28,83.85,79.06,83.61,152.24,220.43,238.17,85.05,72.94,76.48,84.20,79.12,82.46,81.91,79.38,248.22,74.77,139.36,230.57,602.60,401.71,102.70
2009.00,4.00,24.00,86.64,76.41,88.06,73.78,216.15,83.22,82.71,289.40,289.18,323.10,300.22,281.13,131.23,87.73,96.93,143.33,203.00,256.97,250.51,108.07,99.20,98.07,127.41,126.99
2009.00,4.00,25.00,80.05,186.05,78.03,72.45,73.69,69.21,77.17,141.31,171.74,351.86,634.74,576.12,350.31,424.26,437.28,316.83,349.20,345.88,229.27,187.67,227.08,324.70,591.53,341.71
2009.00,4.00,26.00,172.09,121.82,104.00,71.83,73.41,79.02,217.39,134.91,109.97,332.30,433.40,333.43,633.64,435.62,330.50,396.24,426.51,434.74,112.82,132.97,353.11,201.82,113.40,93.23
2009.00,4.00,27.00,81.15,80.10,84.26,175.13,82.88,78.17,219.44,423.26,405.77,328.26,86.64,71.58,80.07,81.16,78.43,82.92,80.30,233.60,146.10,217.38,438.79,568.45,220.87,92.02
2009.00,4.00,28.00,213.17,82.91,86.27,173.28,104.42,87.62,149.41,443.79,440.96,412.30,326.78,293.38,349.38,383.36,345.17,89.13,85.43,89.47,142.08,279.15,327.51,295.85,266.68,133.69
2009.00,4.00,29.00,89.11,78.41,74.74,85.63,71.53,81.39,297.90,414.54,294.55,262.41,159.60,392.04,398.74,311.87,193.33,106.12,83.49,184.69,150.50,302.33,217.68,463.18,563.83,186.73
2009.00,4.00,30.00,112.49,106.57,182.95,81.45,69.67,84.12,125.78,402.62,386.79,389.42,293.07,281.47,284.28,291.52,287.25,121.10,102.77,188.68,353.02,347.87,215.10,290.95,605.52,418.16
2009.00,5.00,1.00,276.66,275.81,288.53,266.67,65.24,305.75,230.58,149.24,169.18,293.28,175.04,124.45,217.33,134.71,94.36,203.44,368.28,221.21,141.32,98.92,226.07,376.62,201.54,61.54
2009.00,5.00,2.00,72.86,71.07,67.38,76.98,64.06,118.52,160.05,241.13,339.72,314.88,300.55,299.50,297.49,294.31,177.75,164.19,205.94,226.16,87.89,77.72,120.88,233.69,434.31,128.46
2009.00,5.00,3.00,73.11,61.09,79.38,57.14,72.77,66.63,67.30,214.55,212.05,245.35,318.64,523.41,291.81,108.73,120.01,118.41,202.66,101.34,268.45,148.49,840.05,611.76,315.69,162.31
2009.00,5.00,4.00,189.91,179.97,184.61,174.35,182.72,160.49,248.21,464.40,307.46,287.50,282.30,281.57,271.36,266.22,61.30,67.14,75.52,88.59,164.95,128.50,389.24,545.26,385.81,87.45
2009.00,5.00,5.00,70.90,74.89,66.92,61.77,74.80,63.04,180.29,422.79,341.45,369.77,295.69,296.79,304.07,564.86,405.19,109.76,93.42,82.57,157.02,388.85,235.26,533.97,381.09,108.39
2009.00,5.00,6.00,90.99,67.34,87.17,69.68,82.18,71.31,184.08,377.44,288.74,285.79,286.74,292.44,233.31,123.53,142.76,125.62,85.23,107.34,263.60,251.58,122.05,459.46,258.60,74.07
2009.00,5.00,7.00,77.39,66.63,68.74,70.27,68.47,68.62,150.29,333.44,287.53,280.13,225.35,73.54,72.77,71.04,65.58,76.73,72.80,89.83,220.35,233.77,105.85,107.59,147.91,289.42
2009.00,5.00,8.00,67.63,72.33,70.71,92.81,72.95,74.46,69.33,166.73,258.92,349.30,309.75,216.15,362.11,291.47,457.51,461.08,318.02,316.69,585.56,323.14,331.36,386.34,320.71,121.05
2009.00,5.00,9.00,84.22,78.71,83.56,79.60,84.29,77.24,85.02,367.86,321.59,330.19,196.66,286.81,251.91,263.13,198.91,111.69,189.31,184.69,95.90,130.37,194.34,230.25,127.63,86.51
2009.00,5.00,10.00,209.31,83.87,80.85,70.08,89.40,71.64,89.72,103.94,182.21,337.29,163.35,106.43,339.92,271.51,285.57,370.40,732.77,341.54,451.04,716.18,324.11,660.48,298.18,82.94
2009.00,5.00,11.00,78.12,76.11,75.94,69.81,78.90,112.01,272.97,376.02,297.58,282.57,281.74,200.80,75.64,65.98,78.38,63.94,78.80,75.16,130.97,340.06,472.10,623.78,528.39,244.40
2009.00,5.00,12.00,92.09,74.05,94.06,73.69,91.50,153.29,483.18,459.45,315.07,278.73,302.04,277.98,300.32,122.04,89.65,74.27,92.66,82.89,100.83,166.44,437.07,283.27,369.02,523.61
2009.00,5.00,13.00,100.65,86.31,81.92,84.24,84.13,83.34,79.39,199.86,361.40,328.05,339.82,296.04,130.86,82.65,82.15,79.93,86.82,74.85,90.56,143.55,200.36,470.10,365.66,158.64
2009.00,5.00,14.00,173.37,87.60,75.36,61.71,72.39,61.29,224.08,287.68,312.53,274.62,361.48,181.00,108.22,55.87,74.99,59.37,72.06,57.77,238.62,487.91,627.02,690.09,551.46,78.45
2009.00,5.00,15.00,80.62,75.85,70.42,72.00,73.53,70.29,259.36,409.75,457.34,340.06,281.84,262.19,179.75,60.15,78.88,105.54,160.09,246.04,309.92,296.98,289.25,252.59,152.94,83.09
2009.00,5.00,16.00,63.93,78.73,176.03,43.20,44.79,49.47,46.90,68.81,356.13,394.51,292.02,506.35,464.63,382.27,744.02,223.98,224.52,290.07,321.67,337.40,377.47,358.54,400.33,343.44
2009.00,5.00,17.00,240.65,73.63,85.84,156.90,69.17,77.00,64.68,76.30,172.27,142.67,741.08,565.25,304.18,210.82,284.98,115.58,97.90,114.20,113.96,347.28,365.38,308.29,240.43,98.98
2009.00,5.00,18.00,68.94,67.88,115.29,121.01,61.24,64.67,189.94,366.51,288.83,287.17,268.36,239.52,66.93,64.45,60.29,69.12,73.53,82.15,86.22,112.79,489.74,415.12,228.15,83.67
2009.00,5.00,19.00,117.16,156.25,71.09,59.56,78.45,59.00,161.24,347.10,310.99,299.02,278.72,274.34,249.08,69.69,69.69,66.61,68.81,83.93,406.07,525.88,425.94,343.31,450.96,336.06
2009.00,5.00,20.00,123.35,198.90,76.15,84.28,65.83,75.01,160.94,399.38,289.88,379.45,302.55,283.67,191.92,71.28,89.92,119.90,96.11,157.53,165.20,106.29,140.33,434.53,186.40,91.96
2009.00,5.00,21.00,78.70,73.22,108.31,60.37,76.48,92.82,186.38,82.10,81.12,271.41,246.91,364.23,563.24,306.42,302.68,339.85,320.03,322.42,287.24,288.30,232.45,198.24,195.99,91.52
2009.00,5.00,22.00,182.15,85.99,68.53,86.52,74.18,85.13,159.29,325.56,308.45,275.41,75.44,85.75,241.09,105.91,99.71,140.96,285.14,196.04,71.25,82.02,69.16,272.94,90.11,61.31
2009.00,5.00,23.00,75.08,72.17,60.93,72.27,61.35,72.08,259.50,325.10,312.43,337.35,295.25,322.72,324.02,404.54,177.09,172.52,90.04,96.48,318.44,392.54,315.60,202.78,103.49,160.43
2009.00,5.00,24.00,258.39,79.19,68.39,71.26,72.65,62.63,71.95,89.15,100.67,312.86,174.53,185.05,259.68,70.82,106.58,76.31,221.44,312.68,503.79,457.48,312.42,162.41,110.16,86.68
2009.00,5.00,25.00,76.02,63.20,74.05,189.92,73.00,63.39,76.58,355.74,287.43,293.13,274.60,143.91,167.87,174.66,85.92,110.75,226.21,361.02,309.03,211.63,148.74,464.22,130.80,82.99
2009.00,5.00,26.00,65.24,76.65,77.22,72.96,71.95,65.87,150.64,387.76,320.65,263.49,263.07,268.09,259.82,262.56,188.30,63.66,67.85,70.77,78.96,100.50,111.95,325.37,378.22,402.97
2009.00,5.00,27.00,195.43,85.44,69.12,66.74,68.49,62.14,181.36,310.12,276.66,245.58,350.87,293.80,303.34,303.89,213.64,101.95,319.82,118.88,99.50,139.68,214.09,575.63,365.55,107.41
2009.00,5.00,28.00,85.88,60.19,83.72,59.20,68.03,70.73,229.64,339.57,275.63,248.46,259.13,244.38,64.89,67.02,59.26,53.26,72.59,57.84,76.90,523.60,226.90,366.11,218.35,61.20
2009.00,5.00,29.00,74.26,72.06,73.02,59.68,74.22,60.81,281.23,325.22,290.63,274.73,287.57,267.16,168.76,60.23,97.33,65.66,93.37,258.19,130.05,69.98,132.36,384.14,357.17,121.81
2009.00,5.00,30.00,78.19,82.52,105.69,85.41,90.67,217.28,79.09,130.35,358.67,363.18,167.68,106.64,240.76,333.28,255.40,187.77,336.69,352.11,361.79,288.17,327.06,133.00,384.16,380.45
2009.00,5.00,31.00,207.22,70.35,55.57,47.87,59.96,166.16,55.63,105.93,57.98,83.64,250.45,253.49,80.11,54.60,48.46,56.89,44.94,56.28,60.00,71.86,224.17,357.44,407.71,264.29
2009.00,6.00,1.00,64.42,40.24,60.13,53.97,43.81,55.47,45.78,53.91,170.51,173.91,209.59,443.02,494.67,359.89,343.45,378.87,298.69,93.18,93.24,165.05,371.51,421.39,235.94,66.84
2009.00,6.00,2.00,75.03,65.53,66.42,64.40,75.97,83.89,195.33,295.62,327.78,291.87,205.23,104.02,72.33,55.92,74.83,64.48,66.12,78.74,166.32,224.83,224.63,299.80,275.64,125.31
2009.00,6.00,3.00,59.56,77.66,67.42,77.49,126.96,118.67,143.66,386.11,405.40,378.47,261.44,355.51,305.75,312.53,177.77,84.20,83.77,116.04,108.22,79.34,136.62,376.20,136.25,77.93
2009.00,6.00,4.00,49.18,51.19,63.48,43.49,57.78,51.62,150.28,294.18,359.53,359.49,228.13,39.63,59.26,38.07,60.41,42.32,57.62,60.04,77.01,253.05,189.19,293.26,314.33,206.98
2009.00,6.00,5.00,94.34,209.11,82.78,64.63,56.78,64.55,211.16,314.46,281.72,254.79,272.36,253.85,274.54,259.23,274.96,115.38,79.67,74.28,82.42,309.39,109.15,156.63,79.46,63.00
2009.00,6.00,6.00,86.65,54.60,75.41,136.98,132.89,66.17,92.15,393.39,283.39,284.03,121.29,76.15,94.67,255.56,406.77,175.48,74.36,88.82,197.70,503.36,466.77,306.65,275.09,194.82
2009.00,6.00,7.00,166.07,63.07,60.28,55.00,58.17,61.22,99.15,197.69,54.94,73.80,58.93,110.27,167.48,680.55,238.26,475.04,448.81,153.58,86.19,100.16,74.49,96.63,196.38,187.12
2009.00,6.00,8.00,62.52,67.17,71.87,65.49,74.04,63.25,193.18,306.28,267.49,277.88,131.73,67.37,71.68,65.66,71.05,67.04,70.80,122.17,261.63,477.27,373.82,263.36,200.10,176.48
2009.00,6.00,9.00,187.68,58.67,64.22,55.45,64.82,57.50,221.52,355.55,300.80,284.32,292.21,259.32,279.12,166.92,58.86,59.85,62.41,60.68,62.68,186.72,359.72,495.38,301.66,79.02
2009.00,6.00,10.00,59.47,75.53,59.64,73.32,60.40,183.70,242.08,311.12,271.05,220.21,59.91,150.89,69.54,465.83,223.66,115.15,429.00,379.90,306.28,350.64,189.54,406.50,458.11,100.36
2009.00,6.00,11.00,83.76,95.59,80.54,95.13,78.41,83.31,198.60,403.41,281.26,301.10,282.52,297.34,242.69,96.09,85.16,276.47,213.72,102.34,90.43,283.29,141.68,270.62,100.83,85.08
2009.00,6.00,12.00,88.50,82.37,85.46,86.21,80.27,85.02,345.14,312.95,306.58,237.08,91.07,71.37,93.57,71.57,91.22,72.64,100.96,121.13,223.96,100.86,262.08,343.04,194.86,68.53
2009.00,6.00,16.00,43.74,68.40,54.58,53.41,53.26,53.40,214.71,319.56,389.56,396.41,276.67,261.67,293.58,256.57,367.31,76.71,44.78,73.63,491.29,288.66,213.35,200.33,287.10,173.93
2009.00,6.00,17.00,73.55,56.24,50.39,60.39,37.65,61.28,263.36,282.13,258.16,181.74,53.06,90.41,66.86,67.52,66.65,79.44,55.18,83.70,162.59,71.99,208.56,459.45,334.20,118.64
2009.00,6.00,18.00,83.20,44.80,181.36,51.73,46.57,54.52,98.67,223.04,274.76,245.19,268.08,258.81,168.61,47.90,63.95,38.50,63.70,49.05,233.19,326.42,311.36,232.44,248.26,212.31
2009.00,6.00,19.00,77.64,42.93,66.14,129.64,97.96,52.45,129.36,381.31,363.58,358.74,174.53,54.00,46.30,52.12,81.15,52.32,62.95,264.83,124.58,87.23,153.76,234.22,226.47,253.43
2009.00,6.00,20.00,264.82,122.23,104.93,42.95,54.42,49.04,107.50,348.34,352.46,136.57,367.91,267.89,290.99,271.64,207.80,45.75,55.03,46.62,62.35,67.40,70.46,67.81,65.51,163.62
2009.00,6.00,21.00,113.38,64.25,71.29,65.12,70.12,63.02,70.04,65.55,67.68,61.94,201.87,62.10,46.75,63.10,41.60,58.21,77.28,63.07,216.02,294.76,403.77,276.23,201.13,88.73
2009.00,6.00,22.00,53.11,50.86,55.81,44.10,55.68,177.10,106.97,111.58,302.33,266.91,272.14,247.39,266.72,249.29,114.78,40.86,51.80,103.52,75.54,85.73,237.29,364.75,195.77,61.36
2009.00,6.00,23.00,51.55,51.55,47.32,168.31,56.96,48.92,176.54,290.35,309.72,250.57,49.60,143.64,166.70,49.23,49.52,60.02,41.73,64.14,51.04,255.34,253.68,173.99,420.22,180.58
2009.00,6.00,24.00,45.59,62.72,48.25,56.46,46.14,58.97,196.77,347.64,252.49,263.99,272.15,334.76,304.10,264.69,285.41,160.37,80.64,114.08,538.56,397.72,266.16,272.22,317.47,50.85
2009.00,6.00,25.00,60.18,57.99,53.15,56.54,47.66,58.51,166.84,290.54,296.51,55.57,54.52,59.30,56.36,45.23,62.41,55.49,58.89,174.58,88.92,81.92,139.38,244.03,201.94,65.56
2009.00,6.00,26.00,60.94,60.81,57.30,51.73,51.75,62.95,238.50,312.37,348.56,337.14,367.38,143.52,60.18,61.69,87.85,69.35,64.36,272.80,108.57,297.49,139.87,219.52,373.21,344.98
2009.00,6.00,27.00,396.65,232.56,144.52,68.83,61.29,61.03,62.07,111.61,122.19,380.34,442.26,131.64,68.27,365.78,332.94,76.66,117.56,303.97,302.40,280.42,368.34,410.67,538.07,229.89
2009.00,6.00,28.00,62.78,69.89,63.08,65.93,60.43,52.63,60.58,85.59,259.84,114.84,152.81,340.24,183.15,64.75,64.83,75.11,68.28,178.74,331.74,161.61,254.59,257.21,300.61,148.20
2009.00,6.00,29.00,73.53,66.88,69.82,104.92,136.23,176.40,111.74,313.78,221.47,160.22,79.21,86.79,84.27,60.19,81.73,80.89,140.54,124.62,273.93,92.70,104.42,136.23,368.92,166.34
2009.00,6.00,30.00,98.84,60.84,65.44,56.87,65.81,55.22,182.56,305.52,298.52,328.96,352.36,310.90,108.19,198.21,171.12,135.29,98.04,96.24,187.38,104.66,284.51,158.24,109.94,80.57
2009.00,7.00,1.00,73.82,79.15,68.76,78.52,70.82,172.02,219.78,359.92,316.92,266.95,76.27,113.15,95.69,199.27,183.68,77.22,285.96,327.46,198.10,178.26,127.49,133.52,211.64,84.82
2009.00,7.00,2.00,102.08,82.73,75.09,73.50,73.69,68.57,335.78,289.62,86.57,274.79,322.93,83.55,129.16,145.78,104.64,72.43,146.03,254.70,250.49,113.73,244.02,375.31,277.31,96.28
2009.00,7.00,3.00,77.37,55.75,70.00,58.15,66.03,54.93,87.03,404.58,239.42,146.23,66.79,65.07,66.69,60.46,65.84,84.86,75.29,235.80,259.99,286.73,68.52,65.66,60.90,114.49
2009.00,7.00,4.00,58.06,63.84,55.22,69.20,171.11,62.07,53.15,115.68,215.91,150.00,225.27,144.05,207.07,321.89,176.46,119.10,214.63,343.85,167.47,122.21,111.23,248.35,408.03,241.76
2009.00,7.00,5.00,263.89,353.89,93.75,80.10,73.90,87.32,79.83,67.37,124.02,398.46,126.72,197.42,166.62,328.03,258.08,131.56,178.04,149.69,91.95,472.63,238.83,367.75,226.26,74.63
2009.00,7.00,6.00,67.40,56.43,64.90,73.90,56.76,57.54,153.80,290.30,280.78,273.38,55.59,60.29,54.53,55.91,62.15,70.11,57.59,59.39,72.04,203.86,132.19,247.64,345.55,280.33
2009.00,7.00,7.00,153.98,59.52,59.30,68.61,57.45,40.22,205.94,232.49,269.16,81.09,203.65,115.72,67.47,51.57,58.20,65.07,62.74,107.66,295.62,321.33,466.12,345.67,165.29,90.16
2009.00,7.00,8.00,82.66,178.12,100.39,79.95,63.75,68.93,92.51,243.19,600.78,292.81,280.17,280.33,91.51,53.52,73.36,67.14,69.85,67.33,61.55,110.01,291.12,380.61,301.03,121.28
2009.00,7.00,9.00,70.76,71.75,49.28,74.76,64.84,49.41,85.03,273.43,237.12,92.54,80.02,87.08,52.36,65.94,68.52,49.74,162.79,122.46,68.34,101.23,189.85,229.35,263.52,167.70
2009.00,7.00,10.00,85.57,41.71,59.87,55.61,39.72,198.26,131.11,382.17,379.12,254.80,117.54,52.38,57.56,70.36,108.72,255.72,110.50,115.44,92.99,116.93,132.20,249.17,373.80,440.39
2009.00,7.00,11.00,64.94,57.40,70.27,53.10,123.34,136.30,50.33,134.01,212.83,252.83,113.57,127.54,304.64,346.51,375.65,275.65,102.73,111.96,85.82,49.85,56.24,46.18,62.33,48.64
2009.00,7.00,12.00,154.74,48.67,55.63,56.29,37.14,62.03,47.39,57.34,39.38,51.19,139.94,105.16,49.21,49.80,55.47,51.79,39.70,105.89,47.62,58.45,41.30,108.34,170.27,52.78
2009.00,7.00,13.00,56.71,40.38,58.69,51.60,51.17,50.14,49.48,58.36,51.77,224.52,54.96,51.74,61.65,37.55,56.55,53.06,55.29,44.92,62.30,68.14,122.53,165.57,53.05,50.46
2009.00,7.00,14.00,64.07,36.79,59.81,51.28,54.12,49.55,44.24,62.98,185.94,161.75,58.69,243.05,540.69,55.60,86.94,97.33,90.45,85.05,156.37,220.93,99.04,343.28,82.52,61.30
2009.00,7.00,15.00,50.42,56.84,69.00,54.31,52.86,57.30,116.27,287.49,349.65,309.86,43.03,59.29,59.76,59.07,52.93,52.40,69.08,60.14,157.99,82.44,68.89,66.08,65.24,56.74
2009.00,7.00,16.00,68.20,64.83,65.25,67.23,55.74,205.10,84.18,70.26,80.28,58.75,72.77,72.87,69.76,63.85,70.40,74.05,121.14,234.33,72.91,57.62,54.84,67.18,65.98,50.52
2009.00,7.00,17.00,57.44,55.26,64.15,62.54,140.30,160.61,54.69,68.61,164.51,267.54,270.54,89.84,68.13,70.97,63.46,87.12,84.40,92.91,68.90,63.24,187.90,49.77,57.97,51.34
2009.00,7.00,18.00,61.42,52.53,52.11,49.71,59.82,56.64,41.49,225.93,88.25,83.81,76.79,86.75,96.17,216.63,93.88,80.43,87.72,126.21,207.49,307.04,293.07,169.71,264.77,293.86
2009.00,7.00,19.00,362.75,343.12,407.39,393.50,121.34,100.02,83.26,79.61,94.42,211.50,135.67,234.21,179.22,79.92,85.10,93.64,84.70,92.52,205.81,93.09,86.26,148.99,128.14,106.78
2009.00,7.00,20.00,48.60,49.95,57.40,39.52,194.27,53.16,38.69,78.04,45.19,50.58,48.96,51.79,93.99,359.93,363.14,98.69,68.05,58.07,65.64,66.48,67.85,53.68,65.54,57.41
2009.00,7.00,21.00,208.73,66.82,59.35,63.28,65.60,55.32,50.11,84.17,279.59,286.15,287.61,262.99,57.92,57.29,52.72,58.91,72.21,77.28,79.25,57.00,185.63,80.46,56.39,66.40
2009.00,7.00,22.00,59.45,54.17,71.09,57.67,54.82,67.56,47.86,172.35,120.57,58.04,66.59,55.05,58.96,57.01,54.01,69.64,75.52,69.81,106.29,258.63,217.47,188.68,189.66,196.60
2009.00,7.00,23.00,178.02,216.19,342.79,192.14,150.77,53.41,59.92,56.97,212.38,286.54,271.44,273.41,92.13,52.93,64.27,40.85,85.53,63.33,64.29,265.28,191.82,56.45,59.43,50.69
2009.00,7.00,24.00,73.47,103.63,66.87,56.12,55.14,185.59,38.99,62.81,77.26,83.20,123.13,134.53,55.97,52.36,63.45,35.98,57.75,61.46,50.93,49.72,69.81,189.79,51.54,44.39
2009.00,7.00,25.00,51.51,53.66,58.38,35.40,61.74,50.13,42.43,55.68,266.05,101.26,63.82,67.58,42.93,62.75,62.95,45.33,62.92,56.28,53.27,180.41,130.32,55.73,46.34,54.82
2009.00,7.00,26.00,53.67,63.21,42.55,63.13,51.75,57.00,45.37,247.57,58.63,49.38,49.94,54.70,62.89,40.55,54.37,59.00,120.01,197.19,72.32,66.43,72.71,63.23,63.98,72.88
2009.00,7.00,27.00,71.81,66.98,70.74,72.52,238.66,68.81,70.90,58.06,68.14,266.62,203.84,69.50,66.16,61.36,71.64,66.97,59.03,70.19,66.92,204.47,59.21,67.90,69.53,70.26
2009.00,7.00,28.00,58.13,67.97,69.78,58.28,66.90,70.31,226.44,65.18,91.11,72.60,85.01,91.57,311.02,44.98,55.99,58.76,52.25,65.96,292.76,302.46,82.36,80.22,256.52,337.05
2009.00,7.00,29.00,72.88,71.85,115.60,130.39,61.93,61.59,59.18,51.31,110.65,287.40,272.30,309.07,280.08,123.94,59.75,62.11,138.19,103.27,150.67,58.09,43.66,60.83,124.62,151.45
2009.00,7.00,30.00,52.93,58.05,58.36,43.58,61.28,50.56,64.17,53.30,127.82,163.94,144.62,48.60,52.82,67.70,56.60,52.52,53.45,94.67,313.16,105.83,260.47,285.50,171.54,159.33
2009.00,7.00,31.00,141.99,232.37,83.70,74.33,79.53,71.77,72.08,85.17,52.65,54.08,49.23,142.91,160.54,63.53,61.42,52.92,65.53,371.41,323.25,587.15,161.95,72.85,70.59,72.20
2009.00,8.00,1.00,59.49,62.30,56.15,52.21,63.75,201.79,50.50,63.38,56.07,54.71,50.50,203.68,119.10,66.25,67.95,61.06,143.29,124.07,73.91,286.18,216.89,59.18,59.01,69.20
2009.00,8.00,2.00,62.95,52.41,62.31,56.91,46.03,62.49,170.77,65.28,56.08,51.17,51.34,55.68,58.91,51.46,59.11,49.90,49.09,180.52,99.59,43.43,54.76,55.05,63.86,48.41
2009.00,8.00,3.00,48.70,58.65,49.46,62.95,46.34,232.63,52.26,53.57,60.06,39.75,61.11,49.84,53.08,51.37,47.92,63.99,97.27,187.94,54.47,55.84,55.24,41.85,63.16,54.77
2009.00,8.00,4.00,51.56,47.37,53.39,63.67,141.46,145.08,58.13,50.11,62.32,55.23,63.71,46.66,45.11,60.05,46.85,59.45,169.27,123.46,50.67,55.92,62.40,43.23,60.37,54.96
2009.00,8.00,5.00,54.80,60.90,48.46,53.22,210.12,88.85,55.42,55.55,50.73,49.05,61.95,56.87,54.37,45.57,53.84,67.53,238.52,56.83,60.03,44.28,62.54,51.37,64.38,57.29
2009.00,8.00,6.00,53.54,61.37,53.99,61.41,229.19,63.94,60.49,54.24,62.56,51.94,50.87,58.40,51.38,65.18,55.17,62.25,209.02,93.33,54.71,53.47,63.61,57.04,58.08,63.31
2009.00,8.00,7.00,54.17,64.99,57.13,59.22,132.04,163.34,62.87,55.09,61.13,57.98,57.40,65.03,51.79,56.31,52.47,58.91,94.14,214.19,66.73,57.38,59.16,47.90,53.48,67.38
2009.00,8.00,8.00,54.12,60.13,58.17,55.26,55.06,198.62,104.59,56.31,57.67,60.37,52.75,53.10,54.23,56.33,60.02,54.94,56.07,159.69,136.61,60.06,57.51,58.03,53.22,55.28
2009.00,8.00,9.00,52.70,58.21,57.56,57.63,61.93,142.55,152.43,56.41,57.25,55.90,53.77,69.55,38.97,61.38,59.63,59.47,62.93,440.02,533.75,304.73,174.48,440.13,158.39,66.94
2009.00,8.00,10.00,67.53,67.34,72.24,58.54,71.77,62.07,130.73,161.44,241.80,98.37,47.54,68.62,59.20,64.04,61.95,57.65,73.61,58.37,231.67,353.39,208.35,269.62,547.69,376.63
2009.00,8.00,11.00,79.80,59.41,65.01,62.45,59.70,68.30,59.49,303.31,359.99,351.33,55.20,58.40,67.33,63.73,74.81,65.17,72.39,67.78,122.90,269.02,261.68,75.73,291.02,107.54
2009.00,8.00,12.00,58.72,52.96,68.81,157.54,84.21,54.88,64.79,147.46,177.25,65.86,58.57,59.39,54.93,63.00,59.50,77.22,74.28,133.39,136.02,154.34,159.05,279.68,288.03,176.33
2009.00,8.00,14.00,164.77,66.80,57.29,156.31,124.79,64.55,62.90,102.97,105.14,220.89,85.24,71.35,78.76,90.46,77.18,85.37,78.58,86.81,84.76,143.41,179.33,100.94,106.77,62.16
2009.00,8.00,15.00,60.47,66.86,55.01,70.99,87.44,193.01,64.68,105.83,83.37,56.85,77.40,159.06,114.70,254.33,116.67,322.53,513.76,543.95,309.61,342.35,299.59,375.10,374.14,322.19
2009.00,8.00,16.00,312.00,411.90,124.57,146.97,56.92,72.37,71.67,59.98,119.38,297.62,66.73,129.02,123.99,83.88,104.58,111.51,114.38,205.04,303.53,239.35,169.00,138.19,357.68,176.87
2009.00,8.00,17.00,68.29,57.12,71.91,83.62,54.61,66.22,69.47,244.38,268.86,175.28,54.57,65.36,71.16,53.40,65.09,69.04,100.63,80.95,181.81,54.56,67.25,141.44,216.55,198.16
2009.00,8.00,18.00,104.74,72.14,73.95,58.34,55.18,71.64,53.65,107.59,286.71,74.22,72.71,138.98,115.94,247.93,164.03,273.45,110.49,67.25,81.55,126.00,111.78,759.07,253.33,66.38
2009.00,8.00,19.00,93.95,66.84,57.61,66.40,57.60,61.93,66.56,286.06,270.52,187.27,81.23,143.24,136.39,282.79,147.56,165.68,89.64,85.59,73.51,71.62,192.50,71.74,63.53,71.26
2009.00,8.00,20.00,110.11,68.22,75.74,70.06,62.52,120.03,139.50,219.17,264.90,189.68,61.88,59.80,70.74,70.12,68.19,66.82,69.12,58.80,167.04,69.86,65.97,95.91,175.28,126.88
2009.00,8.00,21.00,81.58,67.40,66.47,57.57,122.88,146.64,54.65,333.28,310.16,150.27,71.11,54.58,61.76,68.68,59.29,72.46,69.48,147.88,184.88,392.06,429.41,297.13,257.05,256.76
2009.00,8.00,22.00,157.13,61.76,66.81,123.74,90.82,70.00,63.11,237.05,294.91,319.67,256.70,218.70,249.10,357.33,98.84,74.27,137.00,294.26,625.86,424.83,353.42,206.92,212.96,88.55
2009.00,8.00,23.00,87.42,72.64,67.30,81.99,65.68,73.51,77.72,222.57,241.03,308.95,58.70,70.55,56.51,64.61,68.21,56.15,94.26,354.31,207.62,169.35,296.23,407.02,226.96,72.20
2009.00,8.00,24.00,68.60,63.52,70.09,60.49,63.85,177.60,234.97,372.94,289.54,120.44,70.45,60.00,64.49,67.67,55.55,66.46,66.87,227.42,455.65,383.49,174.12,468.70,271.77,155.85
2009.00,8.00,25.00,95.46,70.09,61.76,70.28,57.76,66.30,137.22,265.50,82.34,68.58,207.24,69.35,56.14,66.51,64.53,55.64,73.21,58.76,150.29,394.14,337.80,284.10,209.79,94.63
2009.00,8.00,26.00,75.06,57.62,63.63,59.77,59.03,67.15,128.41,318.53,345.93,226.79,280.74,89.24,65.27,62.32,58.66,68.31,55.53,65.78,66.41,270.62,451.34,555.95,138.73,99.89
2009.00,8.00,27.00,76.88,72.39,76.24,66.10,187.04,64.55,80.70,166.22,170.42,69.71,56.79,67.23,60.29,63.26,69.16,55.87,66.65,137.65,104.71,92.03,159.50,196.27,199.50,100.97
2009.00,8.00,28.00,124.98,90.81,200.40,63.59,53.95,69.26,79.68,151.97,359.13,329.75,85.56,93.68,381.89,183.20,56.55,141.27,77.36,84.01,112.67,60.02,252.08,430.03,129.96,60.81
2009.00,8.00,29.00,55.74,65.47,53.12,92.96,58.09,57.39,175.34,98.49,78.98,220.09,104.78,218.52,280.27,333.35,265.94,349.48,406.22,267.32,314.84,332.37,309.77,216.41,93.08,109.43
2009.00,8.00,30.00,115.69,71.85,73.50,63.15,77.66,152.24,106.46,70.80,97.00,93.91,196.69,416.40,443.85,319.81,540.14,707.33,131.67,183.21,136.47,307.30,352.87,408.06,289.81,120.44
2009.00,8.00,31.00,82.78,66.48,77.02,71.26,168.57,71.53,99.61,339.90,272.96,265.71,224.01,289.78,297.98,123.12,143.02,100.60,64.86,86.47,78.56,160.19,191.32,505.63,196.46,176.26
2009.00,9.00,1.00,76.95,80.18,65.03,77.70,74.64,67.69,138.86,336.48,252.94,113.65,64.65,76.50,64.91,71.18,69.28,63.85,84.20,133.21,180.32,143.22,430.91,306.07,169.51,76.70
2009.00,9.00,2.00,78.86,62.24,76.57,65.32,66.71,195.25,166.38,391.63,378.17,373.08,284.60,271.06,158.28,101.97,73.41,68.49,71.79,81.79,67.25,86.85,365.35,342.78,106.51,79.53
2009.00,9.00,3.00,83.59,70.65,66.79,78.24,60.58,68.93,206.34,247.34,173.81,231.27,279.40,220.76,226.55,302.40,294.26,116.54,81.50,90.98,76.29,123.45,145.80,427.68,368.88,65.02
2009.00,9.00,4.00,69.06,64.22,62.31,73.51,50.19,68.62,214.56,367.90,324.06,268.61,275.94,117.15,60.38,72.04,62.56,127.14,71.93,70.38,62.39,207.28,385.41,124.81,87.36,74.74
2009.00,9.00,5.00,51.61,70.36,57.52,68.90,61.70,199.70,124.13,340.38,292.98,276.37,215.63,402.25,426.71,347.64,348.38,279.43,122.61,285.24,236.16,320.53,92.97,126.70,111.81,109.55
2009.00,9.00,6.00,81.45,80.85,141.69,67.25,60.43,74.51,57.48,62.66,102.36,216.47,229.91,332.02,394.06,189.76,140.31,62.98,76.50,64.41,140.61,184.86,480.68,511.06,214.01,66.65
2009.00,9.00,7.00,50.13,52.22,58.11,47.04,59.20,45.79,153.25,416.64,271.80,264.87,250.95,95.87,48.78,59.10,45.94,54.92,52.15,45.21,104.53,367.57,459.85,620.33,202.37,182.81
2009.00,9.00,8.00,78.77,61.07,51.00,57.82,48.60,54.02,139.20,314.79,347.30,261.39,270.15,246.19,51.86,52.20,46.79,62.98,51.52,85.10,99.78,119.19,236.04,510.12,256.42,63.33
2009.00,9.00,9.00,72.45,70.80,50.34,60.33,50.06,63.03,102.74,377.72,280.50,261.27,293.25,313.34,182.52,397.46,326.31,82.31,94.14,120.13,79.22,309.26,417.53,519.22,408.54,61.34
2009.00,9.00,10.00,57.54,59.96,42.13,62.99,51.38,57.30,81.13,418.89,331.84,260.91,138.45,50.59,57.78,51.36,49.39,59.31,48.65,63.69,82.58,386.95,317.79,520.67,295.07,104.96
2009.00,9.00,11.00,133.22,118.57,55.00,51.68,60.73,53.52,157.11,334.22,285.77,324.50,258.85,258.42,263.71,237.66,55.72,49.61,61.29,50.75,111.82,164.35,455.36,256.57,127.86,59.13
2009.00,9.00,12.00,50.74,62.51,177.60,58.53,51.36,55.56,106.85,369.94,374.34,261.50,205.43,198.05,282.83,171.42,283.59,161.50,197.81,250.80,358.63,603.00,458.29,846.95,876.51,312.54
2009.00,9.00,13.00,75.65,52.02,56.35,57.12,51.25,59.45,49.56,201.35,62.83,72.75,181.52,287.30,352.59,287.15,232.62,204.22,114.17,358.35,272.63,222.82,440.33,548.94,548.35,369.75
2009.00,9.00,14.00,128.85,69.25,70.44,61.68,64.78,60.16,228.78,484.95,290.19,309.07,336.90,600.15,166.74,137.23,137.00,121.79,109.76,66.73,205.76,320.37,345.71,458.50,187.88,206.80
2009.00,9.00,15.00,163.04,66.53,59.96,64.32,65.37,47.85,130.85,270.42,352.27,267.40,269.04,219.62,59.72,68.99,48.59,70.41,65.89,77.38,61.44,441.46,692.60,581.42,339.88,297.53
2009.00,9.00,16.00,69.44,75.72,57.28,58.67,60.18,204.30,163.01,537.54,326.16,265.75,279.51,348.29,611.44,273.18,95.70,89.22,70.56,50.08,75.27,189.11,593.33,584.72,349.61,293.84
2009.00,9.00,17.00,65.37,69.37,53.66,63.40,68.71,60.54,94.35,375.73,352.80,265.92,287.72,272.44,274.44,276.29,90.12,65.48,52.92,57.42,107.62,200.40,252.02,318.96,201.58,88.65
2009.00,9.00,18.00,61.03,60.81,54.12,63.42,60.56,49.83,78.07,323.47,443.96,371.88,276.10,303.60,264.12,59.31,40.22,58.53,47.29,59.68,54.25,278.11,650.93,339.61,351.30,160.06
2009.00,9.00,19.00,72.08,56.61,57.19,64.14,178.85,53.24,55.53,84.80,142.47,315.06,411.36,377.11,355.13,655.53,339.25,402.53,293.76,523.24,342.21,272.26,468.70,563.71,396.45,529.26
2009.00,9.00,20.00,435.21,470.72,176.82,67.21,104.78,65.58,55.70,67.26,90.64,232.91,71.17,237.80,420.15,491.72,357.94,302.63,381.85,351.44,290.40,452.60,522.44,489.09,297.66,247.27
2009.00,9.00,21.00,88.80,164.62,62.05,71.20,66.42,61.73,202.58,474.79,288.80,269.56,273.60,274.75,337.70,130.26,63.25,73.71,65.29,66.83,75.59,299.28,567.01,430.19,177.45,68.69
2009.00,9.00,22.00,62.33,70.00,61.14,201.31,60.50,66.96,159.16,227.33,302.86,283.42,283.35,199.94,58.45,128.10,95.40,75.18,117.23,198.04,156.54,193.54,415.18,385.90,208.52,81.37
2009.00,9.00,23.00,71.98,47.12,52.10,61.05,48.74,59.14,265.04,463.69,280.88,268.42,381.10,347.13,360.58,268.02,321.88,144.02,54.55,76.55,81.85,319.28,349.78,401.12,461.93,186.23
2009.00,9.00,24.00,61.28,49.07,59.77,49.27,49.41,50.56,210.38,458.06,351.48,272.94,287.70,182.47,92.39,58.51,47.85,49.52,62.33,47.91,90.44,366.74,726.19,604.96,372.57,79.90
2009.00,9.00,25.00,51.06,55.54,52.22,56.75,76.42,47.24,97.10,233.25,283.82,312.05,262.19,280.71,262.68,100.20,199.90,83.31,144.98,91.37,187.02,118.06,156.64,337.64,166.61,154.26
2009.00,9.00,26.00,98.86,109.93,68.35,49.90,49.83,107.95,180.56,364.48,404.88,337.43,358.61,223.12,227.99,340.34,195.91,286.09,448.49,319.13,285.87,286.15,118.22,66.88,79.75,99.68
2009.00,9.00,27.00,65.09,55.59,50.58,64.95,40.81,135.28,96.74,53.09,65.53,110.63,274.70,221.84,181.54,296.88,380.21,113.48,159.58,261.29,95.96,104.06,550.89,533.68,409.01,308.50
2009.00,9.00,28.00,105.58,48.16,59.28,55.91,50.54,51.61,161.58,455.05,273.36,280.51,263.94,256.45,131.46,49.68,55.80,40.16,54.76,80.21,132.04,424.18,338.18,405.36,403.53,88.11
2009.00,9.00,29.00,59.26,52.49,61.18,45.22,48.27,49.97,117.55,412.83,320.15,339.30,213.76,54.35,52.39,105.26,102.23,63.44,124.64,117.61,220.82,158.91,514.12,378.42,97.18,53.73
2009.00,9.00,30.00,53.34,41.71,71.86,158.35,55.43,53.54,122.15,414.11,265.90,261.66,302.19,108.13,82.23,458.21,315.91,294.30,283.83,56.99,330.23,519.92,353.58,506.16,553.76,164.38
2009.00,10.00,1.00,60.17,43.19,50.08,58.17,48.71,56.66,126.19,495.53,332.43,264.47,152.08,40.71,57.77,45.80,52.19,53.26,45.99,53.80,91.49,241.08,491.43,679.24,600.22,84.75
2009.00,10.00,2.00,60.44,38.52,50.94,60.62,44.68,60.38,223.66,407.90,313.69,254.31,261.78,251.03,132.02,72.77,88.16,231.78,61.03,188.57,89.13,281.17,340.33,157.94,58.32,54.46
2009.00,10.00,3.00,62.20,44.99,63.40,51.19,99.31,128.86,91.12,385.52,306.74,326.55,181.98,75.71,91.38,244.26,404.27,554.74,410.77,614.68,435.62,292.13,285.28,256.65,98.86,128.97
2009.00,10.00,4.00,110.66,68.28,61.11,51.13,58.77,40.53,58.34,77.80,187.95,60.07,319.60,183.53,496.06,450.89,436.30,226.67,156.94,131.84,164.52,369.02,675.28,529.38,313.80,92.80
2009.00,10.00,5.00,67.57,73.13,70.86,56.76,79.78,65.56,168.89,411.43,283.14,277.90,268.38,231.93,63.69,74.20,67.11,60.33,71.85,83.85,181.42,185.84,480.53,392.31,286.25,184.18
2009.00,10.00,6.00,73.50,80.11,68.22,74.13,213.29,67.67,238.95,513.73,419.69,369.47,314.24,141.26,67.98,194.29,138.77,81.37,68.89,77.01,80.79,236.47,557.07,383.45,164.29,64.24
2009.00,10.00,7.00,80.54,77.84,76.21,81.71,156.58,123.61,277.65,343.63,323.16,336.17,333.11,344.14,126.90,111.79,179.05,91.75,170.22,427.07,243.29,586.10,717.94,448.53,204.27,118.89
2009.00,10.00,8.00,72.25,71.52,68.36,203.17,75.83,69.54,213.90,545.07,382.73,279.89,285.43,299.05,293.30,289.79,158.45,75.48,68.20,70.15,100.71,458.07,429.84,191.15,230.05,245.10
2009.00,10.00,9.00,72.83,62.07,65.41,78.97,66.31,75.57,118.96,298.85,288.26,368.01,294.89,275.32,326.75,279.05,185.74,200.47,202.40,128.79,176.93,294.89,256.28,113.99,86.62,120.13
2009.00,10.00,10.00,74.95,69.08,80.15,60.28,195.82,68.54,109.81,394.47,442.31,299.68,124.61,98.46,92.50,322.80,519.59,558.05,407.06,281.52,97.24,566.22,518.07,544.01,505.66,175.99
2009.00,10.00,11.00,77.34,79.29,74.41,79.19,71.07,66.42,77.48,68.62,354.00,293.33,459.07,786.94,606.24,647.93,309.57,201.76,221.55,108.16,195.35,588.30,339.08,232.53,330.99,95.59
2009.00,10.00,12.00,73.64,70.45,68.37,78.42,63.47,72.23,154.72,498.24,372.08,372.73,286.29,258.67,258.07,58.19,68.28,71.74,54.62,73.05,105.13,381.77,493.54,231.87,211.53,59.53
2009.00,10.00,13.00,73.38,63.09,196.31,64.90,69.63,57.52,109.04,410.95,454.23,404.48,283.71,336.13,270.62,149.31,86.61,91.41,81.12,82.29,161.03,488.33,415.52,228.41,107.92,70.74
2009.00,10.00,14.00,108.79,150.21,59.64,69.60,61.94,63.08,243.35,666.74,370.82,372.06,282.10,317.59,172.95,170.18,97.86,73.73,423.48,151.97,268.24,288.85,358.26,444.77,220.98,179.89
2009.00,10.00,15.00,71.03,59.68,199.99,59.30,74.40,56.56,121.70,390.53,379.69,276.94,269.17,285.89,268.21,166.93,63.18,66.05,65.38,61.10,124.25,399.72,665.19,448.63,247.70,69.63
2009.00,10.00,16.00,78.34,60.16,61.86,73.97,58.01,165.20,189.58,457.07,523.22,287.43,279.27,268.89,278.70,82.34,346.56,140.56,200.95,143.59,159.27,280.48,481.04,218.03,69.13,75.44
2009.00,10.00,17.00,58.63,67.07,62.86,128.74,104.84,63.41,114.09,480.56,436.42,390.77,346.15,374.80,264.81,266.86,546.08,493.52,918.41,622.93,625.05,503.50,515.53,697.06,450.67,468.11
2009.00,10.00,18.00,307.56,325.75,197.88,69.29,63.36,68.22,60.79,66.40,94.30,137.75,334.11,281.98,285.38,255.78,74.18,62.34,72.47,117.97,535.84,449.91,355.54,391.31,264.41,235.60
2009.00,10.00,19.00,64.53,68.39,74.83,61.84,74.43,60.57,204.70,534.40,401.94,390.73,145.87,72.83,58.79,67.39,67.53,58.72,71.51,75.53,278.22,235.39,518.22,503.08,327.05,77.60
2009.00,10.00,20.00,60.00,76.15,79.21,59.85,72.14,91.14,194.36,328.66,409.03,284.06,403.14,381.89,346.83,318.34,81.55,81.56,176.57,170.59,206.68,599.35,546.17,497.92,112.55,77.38
2009.00,10.00,21.00,66.47,61.34,71.93,63.61,64.74,62.86,339.55,539.87,374.63,401.94,132.69,134.95,134.78,454.69,403.16,166.59,300.53,642.73,447.94,212.34,448.96,448.09,355.62,134.88
2009.00,10.00,22.00,66.27,74.83,65.11,74.48,67.53,58.06,323.84,415.07,357.09,284.95,287.97,281.76,297.61,293.34,192.16,71.95,67.42,68.62,177.46,312.16,354.42,183.66,121.56,97.23
2009.00,10.00,23.00,65.81,72.29,65.26,64.00,64.82,128.82,227.62,274.86,400.95,282.58,154.55,67.91,103.73,103.96,238.18,792.78,491.36,221.25,369.32,552.82,434.35,378.28,144.61,68.72
2009.00,10.00,24.00,73.04,69.62,70.23,68.30,60.75,167.16,98.38,577.01,477.47,294.55,346.39,555.08,769.93,430.54,207.95,102.38,283.37,185.74,787.58,546.78,677.78,613.53,588.72,529.54
2009.00,10.00,25.00,409.96,410.19,305.15,69.86,70.76,67.53,67.59,67.48,125.90,221.96,438.79,607.43,655.86,320.98,213.57,419.23,540.83,381.22,732.67,488.91,474.85,430.14,299.67,78.93
2009.00,10.00,26.00,65.17,78.93,60.25,84.11,60.26,78.77,270.41,367.90,292.69,82.06,77.95,55.31,73.34,62.60,69.03,67.80,60.44,183.47,168.42,276.12,217.70,387.03,277.79,233.74
2009.00,10.00,27.00,78.68,164.13,60.16,177.98,80.78,64.46,158.53,315.95,317.03,290.88,342.71,303.83,138.58,68.36,62.89,71.24,56.20,64.28,62.53,93.80,404.86,142.30,87.56,58.03
2009.00,10.00,28.00,74.12,56.64,71.55,54.51,214.49,60.34,76.16,223.07,230.63,69.65,66.69,69.82,140.88,286.25,288.28,268.13,282.14,148.41,66.01,200.60,348.37,520.95,253.70,93.14
2009.00,10.00,29.00,87.39,65.08,78.20,54.76,208.63,60.26,56.54,75.25,110.30,120.87,309.91,178.48,99.10,414.61,212.31,677.13,488.03,464.18,538.34,573.70,598.70,318.44,513.93,199.93
2009.00,10.00,30.00,128.31,82.29,59.75,76.90,62.61,119.64,148.19,115.96,260.58,393.03,318.26,267.47,177.98,77.68,132.86,252.65,680.60,244.51,95.72,228.28,428.83,315.02,177.87,56.97
2009.00,10.00,31.00,73.70,54.73,84.71,168.57,54.83,72.78,54.12,60.49,96.37,298.62,313.87,289.18,726.72,401.74,330.13,362.01,382.68,213.95,319.83,540.55,481.75,462.09,246.28,68.08
2009.00,11.00,1.00,69.83,61.78,59.77,67.91,65.89,71.73,187.77,94.76,120.37,190.40,206.63,186.12,315.19,272.45,355.19,342.41,496.59,481.25,356.05,350.72,437.05,416.60,511.68,332.06
2009.00,11.00,2.00,282.94,69.10,64.04,71.54,57.89,77.92,102.03,387.69,64.74,70.14,125.28,205.29,478.61,246.57,100.14,99.28,89.49,234.70,494.28,388.75,542.33,311.38,204.85,168.65
2009.00,11.00,3.00,101.81,69.48,56.69,74.89,53.65,60.80,68.59,260.77,196.92,323.36,517.11,262.28,209.69,559.76,176.02,215.50,324.67,372.90,577.50,812.58,951.43,530.91,386.03,277.06
2009.00,11.00,4.00,74.52,104.21,75.57,63.46,70.78,67.86,69.05,89.68,263.35,148.13,182.24,282.49,336.82,391.64,329.87,341.98,379.40,416.46,597.36,671.28,241.48,488.67,147.68,80.43
2009.00,11.00,5.00,71.38,66.45,168.43,87.29,73.59,67.86,123.71,320.35,363.03,268.90,290.49,213.17,125.98,85.57,86.24,128.87,95.23,76.02,334.47,491.75,703.66,443.52,372.92,63.37
2009.00,11.00,6.00,68.70,67.92,56.33,69.77,58.45,110.62,311.56,314.00,295.89,353.03,275.84,281.77,208.94,139.15,84.73,240.70,214.42,362.89,186.47,199.73,187.32,331.04,80.20,64.67
2009.00,11.00,7.00,58.00,64.59,64.66,65.98,129.04,106.76,102.49,441.96,400.77,304.15,285.59,92.95,83.84,448.57,293.67,216.30,211.55,355.69,296.51,297.29,209.49,153.83,274.78,152.98
2009.00,11.00,8.00,93.07,206.07,58.95,63.61,66.43,62.37,55.34,84.11,337.76,496.84,569.83,522.89,854.43,597.40,489.48,352.67,141.93,227.77,551.49,581.91,697.81,457.60,371.18,291.59
2009.00,11.00,9.00,129.14,65.13,65.80,65.55,78.75,60.21,205.03,622.80,288.29,281.74,243.59,59.38,63.47,68.16,67.16,58.62,67.60,195.07,408.60,299.87,596.14,373.59,192.53,64.82
2009.00,11.00,10.00,162.26,99.75,58.74,67.40,66.71,65.17,128.56,333.43,343.22,327.17,351.71,280.05,275.06,277.15,248.26,96.32,186.68,164.16,265.82,308.48,416.06,452.37,221.83,75.96
2009.00,11.00,11.00,72.71,62.88,69.83,69.13,67.44,62.76,214.09,108.78,79.13,182.21,117.90,279.24,225.11,246.47,458.32,387.70,393.74,893.40,621.53,694.96,444.82,347.04,340.66,258.03
2009.00,11.00,12.00,76.38,71.22,54.70,73.74,56.82,181.03,193.12,471.68,343.03,262.80,277.46,247.70,57.67,77.74,60.77,66.80,79.19,126.11,173.93,705.50,452.59,439.44,178.36,74.73
2009.00,11.00,13.00,62.29,67.83,67.36,67.52,63.88,124.74,206.82,131.79,314.68,359.01,275.24,268.52,176.54,114.75,266.36,201.19,226.95,115.12,251.66,487.91,561.41,276.54,287.33,56.41
2009.00,11.00,14.00,74.68,71.91,78.85,176.23,65.77,69.21,119.46,440.49,355.20,279.31,338.67,145.39,373.27,372.80,404.17,439.09,340.63,588.18,641.01,782.80,615.02,597.25,579.18,456.12
2009.00,11.00,15.00,427.66,276.06,270.03,174.41,69.18,68.30,65.11,63.79,154.36,231.25,263.24,192.05,104.19,67.48,63.76,69.09,357.29,836.30,865.23,555.79,401.88,482.55,313.60,85.10
2009.00,11.00,16.00,69.76,70.29,67.99,71.32,160.02,68.62,158.96,468.51,472.82,385.16,266.75,209.02,63.52,67.28,67.49,69.25,60.88,67.66,201.79,511.35,441.79,432.02,367.61,151.39
2009.00,11.00,17.00,78.43,70.55,66.72,69.04,57.63,71.37,137.41,434.92,494.80,294.16,340.09,278.14,297.01,310.75,179.50,186.52,197.04,215.43,197.96,326.06,441.35,506.70,267.37,88.55
2009.00,11.00,18.00,76.19,55.36,62.32,68.97,54.51,197.16,173.75,451.43,374.19,438.00,444.06,521.52,523.84,359.32,376.87,451.65,673.11,720.62,540.29,612.49,656.70,456.67,191.39,182.68
2009.00,11.00,19.00,176.15,73.01,68.03,65.93,64.37,61.22,93.74,250.50,521.94,346.54,287.85,283.92,280.87,277.00,265.33,80.04,73.80,130.70,218.22,219.36,304.58,300.45,252.19,145.45
2009.00,11.00,20.00,71.42,171.23,105.44,68.87,65.63,69.61,81.86,503.48,468.03,362.59,385.18,369.47,298.68,173.13,108.14,273.37,140.14,204.85,341.14,622.18,687.99,411.26,282.11,171.25
2009.00,11.00,21.00,115.54,58.87,72.24,59.41,69.49,145.41,137.04,496.50,319.38,322.66,212.59,278.58,282.77,264.56,86.87,199.45,474.15,939.18,834.93,643.04,696.86,441.91,655.82,388.68
2009.00,11.00,22.00,549.04,97.58,68.64,79.81,63.85,78.32,64.68,77.26,282.40,87.35,306.01,266.14,372.12,412.95,426.49,189.75,295.32,515.22,565.13,752.14,1007.43,878.20,336.28,273.23
2009.00,11.00,23.00,62.04,73.36,62.22,71.94,57.79,62.44,159.16,493.67,308.87,309.63,140.04,101.43,99.03,99.80,101.94,89.32,108.87,90.12,331.24,361.74,483.55,440.90,445.90,273.95
2009.00,11.00,24.00,90.47,90.01,91.54,82.95,85.27,90.13,181.37,619.87,525.78,410.59,323.87,176.85,287.78,150.07,155.13,188.56,186.71,181.10,276.10,887.38,631.85,587.04,515.41,172.15
2009.00,11.00,25.00,73.96,68.85,69.76,67.65,68.81,64.27,174.01,531.04,323.31,282.33,291.62,396.72,310.11,507.89,211.40,98.57,424.01,459.62,427.76,655.00,436.85,270.28,109.96,175.99
2009.00,11.00,26.00,90.48,59.28,68.92,59.57,64.47,61.40,257.45,432.62,459.90,381.09,290.44,279.19,273.27,111.04,103.38,143.66,106.19,163.28,178.65,207.32,751.20,365.95,127.71,214.32
2009.00,11.00,27.00,68.72,59.10,72.51,55.22,191.43,72.03,101.75,276.22,294.59,347.75,300.54,327.39,271.03,289.80,270.78,73.94,70.22,82.67,243.75,285.80,80.68,261.95,368.37,63.69
2009.00,11.00,28.00,53.30,71.59,55.61,62.22,65.64,59.17,106.24,367.96,322.51,312.06,268.90,158.70,162.32,409.01,324.02,146.98,298.35,646.39,566.59,340.26,402.91,314.02,302.94,284.32
2009.00,11.00,29.00,113.96,65.63,65.39,63.96,65.95,56.27,69.58,62.02,350.47,163.13,299.75,686.10,416.42,170.51,397.82,266.79,189.95,220.54,329.20,330.35,411.34,320.38,224.59,79.21
2009.00,11.00,30.00,103.21,230.48,70.62,77.76,81.38,71.18,193.53,500.07,308.76,272.00,89.42,333.18,287.53,300.96,295.19,296.86,100.21,212.53,268.25,361.89,494.30,408.94,288.03,82.31
2009.00,12.00,1.00,76.63,71.39,79.13,73.20,146.92,145.21,223.80,506.04,528.75,357.11,328.41,292.25,285.38,165.02,130.97,103.24,206.09,209.05,290.99,396.12,445.88,472.48,147.82,83.41
2009.00,12.00,2.00,160.52,95.21,168.49,73.99,58.80,63.69,159.56,463.20,378.16,361.61,293.76,416.82,331.93,357.52,461.16,493.48,405.06,558.65,469.86,434.18,534.25,449.81,360.92,149.03
2009.00,12.00,3.00,116.36,79.71,78.24,78.99,79.12,91.23,244.63,424.92,482.19,379.87,295.97,284.96,122.50,75.83,69.68,87.85,68.40,111.90,178.89,312.51,459.73,314.92,311.23,107.43
2009.00,12.00,4.00,74.64,80.43,81.25,82.13,71.27,82.10,266.83,435.64,447.79,378.57,366.73,167.59,136.32,108.83,155.77,288.85,212.13,207.38,243.88,347.84,584.50,465.15,247.97,83.72
2009.00,12.00,5.00,77.20,86.87,74.34,184.60,86.42,80.76,120.28,538.84,426.90,288.83,174.71,210.45,307.75,108.07,121.93,136.71,255.89,602.88,728.68,787.60,625.98,638.59,456.70,598.68
2009.00,12.00,6.00,433.38,234.87,78.55,71.62,64.58,82.75,62.09,81.35,326.00,128.94,184.75,734.21,518.56,280.54,630.22,431.08,232.51,612.27,721.15,580.18,486.55,472.01,241.60,116.98
2009.00,12.00,7.00,72.87,71.91,62.66,66.16,80.98,152.81,231.43,429.97,513.05,498.41,304.25,317.65,290.23,278.13,110.65,114.43,122.37,165.53,454.58,317.50,339.50,429.02,227.70,68.44
2009.00,12.00,8.00,127.00,135.13,74.23,64.86,61.18,65.05,148.28,536.39,428.81,356.70,308.30,295.25,331.17,324.88,227.10,108.43,119.67,324.86,501.09,550.52,575.78,544.40,319.60,58.91
2009.00,12.00,9.00,77.80,57.53,62.25,62.22,68.14,64.88,230.79,504.93,374.74,374.43,263.53,64.09,195.83,107.86,80.74,374.86,460.83,351.99,512.03,362.99,332.34,368.99,445.09,117.34
2009.00,12.00,10.00,58.09,78.53,56.55,67.69,67.81,61.12,242.62,488.22,485.56,262.85,282.67,275.31,279.04,283.06,276.39,286.90,286.85,294.59,232.91,622.56,549.81,658.38,337.65,224.19
2009.00,12.00,11.00,69.48,64.79,67.58,55.86,65.67,67.50,111.83,498.44,462.60,358.44,289.97,294.06,109.24,126.18,141.34,409.41,414.39,337.04,515.89,449.95,240.21,301.01,165.52,241.11
2009.00,12.00,12.00,67.28,67.39,72.80,65.08,62.77,76.17,229.27,561.55,335.77,267.52,75.19,133.43,154.70,147.60,233.43,209.34,268.49,835.33,439.97,519.72,595.43,206.48,228.81,108.74
2009.00,12.00,13.00,161.26,71.38,65.84,58.87,69.13,57.57,61.38,62.15,187.50,439.55,237.35,433.88,515.85,470.35,518.79,466.98,445.70,369.11,534.13,545.89,417.78,499.48,268.96,61.79
2009.00,12.00,14.00,67.13,63.41,63.86,67.65,64.71,164.09,195.18,496.67,282.82,289.32,88.71,56.81,69.34,57.05,60.03,122.36,143.71,384.12,729.19,519.34,504.79,791.99,462.12,147.25
2009.00,12.00,15.00,86.63,64.80,78.22,65.76,133.28,145.36,106.58,403.48,571.19,286.84,297.66,308.80,294.22,391.54,316.84,343.19,407.21,228.11,273.01,333.64,339.24,489.67,335.79,67.38
2009.00,12.00,16.00,58.11,60.55,64.84,58.53,61.24,154.30,161.81,561.58,296.13,285.12,205.50,177.75,85.42,101.86,176.76,311.48,305.24,144.48,117.86,211.70,504.89,306.20,69.18,98.16
2009.00,12.00,17.00,64.66,57.02,65.03,62.33,181.78,64.46,271.00,386.09,444.54,277.95,273.29,285.81,282.75,283.81,300.89,288.53,81.62,138.90,231.27,514.16,411.97,271.02,308.71,89.04
2009.00,12.00,18.00,63.75,57.46,63.13,63.37,56.20,62.76,279.39,484.31,544.19,397.24,280.42,152.05,97.19,111.21,277.46,328.02,303.15,230.44,261.18,441.46,318.40,458.32,291.53,104.36
2009.00,12.00,19.00,206.19,275.64,272.58,271.78,279.12,382.88,322.58,663.53,519.64,279.43,307.68,502.38,532.38,435.33,392.41,321.16,276.31,274.93,92.19,286.84,124.53,70.99,72.80,72.43
2009.00,12.00,20.00,66.50,268.22,118.47,51.20,50.85,55.48,51.92,49.31,533.68,415.68,308.01,291.22,296.02,261.16,70.62,76.22,66.25,70.37,67.40,72.79,67.25,193.95,159.60,93.56
2009.00,12.00,21.00,53.18,50.10,136.62,117.75,48.17,60.99,112.79,332.20,205.00,82.44,87.18,173.37,367.74,344.01,312.01,369.87,397.71,311.89,277.46,654.92,829.44,577.55,442.95,334.44
2009.00,12.00,22.00,79.55,57.62,60.29,54.01,50.77,57.88,232.03,399.39,304.19,382.14,270.92,331.86,284.85,299.46,229.58,97.10,171.56,267.84,507.91,533.75,441.59,485.46,313.94,283.72
2009.00,12.00,23.00,267.06,269.92,278.51,279.09,274.88,274.68,105.93,333.76,406.11,274.63,177.05,49.10,55.37,58.14,55.99,50.27,68.07,185.19,351.23,391.25,192.99,240.48,77.30,59.69
2009.00,12.00,24.00,49.95,51.38,58.31,54.22,48.29,167.95,92.24,145.11,200.51,207.43,108.84,317.38,333.26,293.98,295.74,691.03,892.83,919.95,898.67,920.79,865.39,585.28,582.51,757.57
2009.00,12.00,25.00,327.07,276.85,216.51,60.88,59.15,69.10,57.71,85.07,200.72,400.29,548.53,172.84,265.44,195.39,318.32,721.23,314.10,635.99,517.91,338.01,294.20,294.22,327.99,286.47
2009.00,12.00,26.00,288.53,277.23,271.77,277.90,58.50,61.44,57.73,68.87,103.40,415.52,562.34,543.81,489.54,366.55,336.92,92.63,164.85,425.44,398.74,481.88,384.76,382.78,341.70,314.91
2009.00,12.00,27.00,295.29,102.05,64.00,59.30,91.78,56.15,60.62,65.16,178.43,207.20,240.69,282.82,286.11,469.54,367.76,406.98,405.57,512.75,568.15,585.49,701.79,547.59,414.75,236.60
2009.00,12.00,28.00,87.57,65.03,119.61,129.60,67.21,63.58,67.57,79.13,305.09,495.52,432.76,285.54,283.59,295.39,288.40,338.29,442.65,254.66,620.67,621.82,513.69,501.25,384.15,131.11
2009.00,12.00,29.00,65.85,66.86,66.25,70.87,71.61,105.62,142.87,179.19,289.18,608.39,424.99,409.77,391.69,342.48,638.85,554.13,308.92,352.55,493.52,317.82,140.82,187.61,265.38,227.21
2009.00,12.00,30.00,71.63,69.62,60.08,72.18,64.13,68.32,181.50,85.11,310.26,518.44,516.11,663.20,620.59,551.87,388.98,300.97,444.87,339.44,309.74,746.15,822.03,583.99,179.28,77.31
2009.00,12.00,31.00,66.51,73.27,71.71,71.68,62.92,188.70,84.16,245.60,321.15,369.78,407.10,317.62,306.91,404.17,286.94,298.99,278.89,356.93,584.52,603.23,559.83,566.30,400.67,332.94
2010.00,1.00,1.00,213.86,128.26,124.98,128.61,127.24,123.76,120.35,120.64,130.01,119.36,289.88,164.36,119.42,246.63,385.34,148.19,551.64,228.90,97.11,80.17,85.23,89.55,79.23,115.87
2010.00,1.00,2.00,232.99,59.91,62.70,61.09,65.57,62.10,58.73,66.54,91.17,260.77,255.18,77.01,66.37,59.47,71.69,68.60,85.60,459.25,694.28,407.11,436.05,276.85,209.52,119.27
2010.00,1.00,3.00,79.11,108.51,140.59,72.88,66.85,68.43,66.76,69.94,166.22,231.36,607.77,513.76,586.54,408.97,565.39,355.04,403.54,355.46,239.29,519.92,640.05,394.84,108.05,69.68
2010.00,1.00,4.00,78.72,73.68,69.88,177.45,76.94,68.89,191.80,521.84,291.39,291.19,290.83,292.47,252.54,69.64,79.65,73.86,70.46,152.05,325.43,489.09,380.73,320.08,412.84,214.10
2010.00,1.00,5.00,75.44,74.97,72.21,67.49,66.19,62.03,240.88,464.01,543.14,432.13,305.23,313.56,300.74,305.44,347.49,367.49,475.77,550.65,513.76,405.74,285.54,314.13,574.22,128.18
2010.00,1.00,6.00,165.62,60.21,69.04,57.02,61.85,73.24,318.08,510.67,275.07,279.14,344.41,356.50,218.02,226.68,416.39,90.98,73.71,240.30,151.66,291.50,667.79,511.70,258.75,115.27
2010.00,1.00,7.00,65.80,63.50,73.51,60.72,62.78,89.44,207.05,371.95,366.86,284.70,280.77,269.31,273.54,286.94,107.17,162.73,60.19,107.66,333.07,453.53,645.86,514.47,485.95,180.69
2010.00,1.00,8.00,66.47,57.89,60.34,59.25,65.86,62.39,284.40,453.46,384.10,399.01,276.77,293.73,335.64,129.60,306.76,321.17,184.79,412.53,311.37,495.26,291.14,416.18,159.20,72.02
2010.00,1.00,9.00,66.42,65.32,70.29,83.58,147.28,59.66,126.51,427.34,346.86,419.00,286.18,282.54,184.22,102.37,671.83,351.39,172.25,387.51,847.06,828.20,390.34,588.05,394.42,372.29
2010.00,1.00,10.00,316.81,265.61,66.23,59.41,56.14,56.49,68.76,56.12,59.55,212.90,475.69,634.84,415.19,530.29,729.77,909.11,703.14,604.84,579.81,306.41,440.22,399.57,211.35,75.79
2010.00,1.00,11.00,61.28,59.45,58.31,132.90,141.74,61.09,185.34,496.10,287.88,283.94,290.46,283.34,153.86,76.95,80.44,86.51,104.45,135.65,349.95,364.67,643.45,283.12,169.08,195.12
2010.00,1.00,15.00,58.86,58.63,61.27,61.93,56.38,60.28,165.22,384.64,408.07,409.98,290.66,297.70,314.25,304.71,314.42,116.47,289.04,365.83,307.00,532.77,1051.08,891.94,222.58,187.14
2010.00,1.00,16.00,71.94,60.31,62.69,68.35,61.24,168.81,118.41,498.00,402.85,362.19,391.77,635.49,722.28,520.43,322.75,358.09,145.70,115.08,244.57,283.31,502.86,494.46,247.70,198.47
2010.00,1.00,17.00,178.82,61.75,57.26,69.50,59.59,57.90,64.47,131.24,237.62,94.61,172.61,282.66,300.88,502.12,351.77,359.20,325.47,247.22,316.39,489.15,588.28,646.13,384.18,279.45
2010.00,1.00,18.00,282.49,249.96,57.20,68.22,58.05,60.25,190.49,480.94,407.24,391.59,340.06,298.81,321.02,276.51,83.46,89.15,94.34,294.54,427.47,388.29,358.93,399.30,410.44,145.96
2010.00,1.00,19.00,98.80,62.79,58.32,67.23,59.10,56.53,294.35,632.10,350.68,378.58,330.94,314.37,342.87,305.12,335.84,405.50,430.17,427.19,547.75,877.17,593.86,593.59,316.12,108.99
2010.00,1.00,20.00,75.67,76.76,65.38,61.32,66.84,59.47,315.02,716.60,369.12,429.92,320.22,351.96,391.34,616.67,140.76,101.40,329.33,199.80,352.06,657.43,516.16,646.97,493.13,366.18
2010.00,1.00,21.00,73.61,62.39,58.00,60.24,59.50,61.53,259.25,617.67,464.06,301.38,279.44,275.82,297.61,292.94,304.08,295.81,119.91,146.10,387.51,523.17,575.30,657.05,476.67,368.47
2010.00,1.00,22.00,327.11,272.25,121.46,61.71,63.39,72.12,289.92,356.00,370.33,371.24,270.85,265.31,286.56,203.17,57.65,271.39,187.12,128.22,360.47,341.71,222.90,288.80,552.37,135.68
2010.00,1.00,23.00,138.73,66.73,70.78,58.91,60.29,59.27,237.23,504.53,477.98,345.49,401.25,516.77,401.25,362.45,156.59,175.83,259.94,339.36,1037.05,711.62,543.25,604.21,741.39,299.94
2010.00,1.00,24.00,249.87,88.24,69.58,74.27,64.98,65.26,64.67,75.58,180.24,453.96,584.12,643.63,871.95,648.52,515.92,576.54,287.83,291.09,240.36,392.35,471.31,270.82,198.03,70.25
2010.00,1.00,25.00,73.67,65.07,65.12,90.42,184.84,59.81,249.77,486.66,307.41,288.21,286.18,271.91,279.81,170.61,61.36,71.57,81.24,213.37,356.55,731.34,550.67,499.78,495.75,395.79
2010.00,1.00,26.00,408.66,275.71,226.15,63.43,78.55,65.32,150.94,322.13,479.11,344.88,368.01,339.99,392.95,413.53,193.09,153.20,128.27,236.77,334.99,337.24,456.22,322.32,294.72,400.59
2010.00,1.00,27.00,293.59,277.89,275.04,257.97,64.04,72.65,194.11,558.76,320.04,357.08,281.48,369.09,339.07,298.94,420.24,118.01,212.13,803.52,570.29,644.30,642.41,800.42,561.43,330.15
2010.00,1.00,28.00,300.86,285.68,287.40,69.47,66.22,63.00,177.22,607.24,390.30,286.19,283.46,284.03,193.78,64.51,69.51,86.11,138.29,234.03,408.18,463.81,602.30,597.49,499.25,468.52
2010.00,1.00,29.00,289.58,270.93,281.55,74.62,74.53,76.02,250.23,649.69,744.27,375.00,412.35,417.57,349.51,312.26,306.03,306.97,320.72,424.47,357.66,87.60,84.26,57.65,79.88,266.89
2010.00,1.00,30.00,124.45,83.95,70.80,57.61,60.63,55.64,110.40,564.81,650.69,541.93,289.27,394.65,89.22,379.46,475.41,505.94,556.69,702.95,1012.75,534.78,770.78,591.48,510.93,196.02
2010.00,1.00,31.00,68.83,73.52,95.68,77.06,64.97,56.48,198.34,61.99,75.18,154.13,109.06,363.62,216.03,372.83,342.82,347.82,286.69,332.79,486.01,512.67,583.56,458.53,392.69,174.56
2010.00,2.00,1.00,61.81,61.74,117.31,141.43,59.75,55.80,288.30,404.46,284.51,275.87,267.94,275.81,273.82,190.17,66.04,70.12,57.20,86.15,173.82,547.46,573.89,300.55,508.34,417.55
2010.00,2.00,2.00,292.94,201.99,73.31,63.63,58.84,59.46,385.60,374.09,498.95,299.49,281.56,282.75,271.52,272.83,292.76,282.71,274.32,135.05,360.48,596.09,540.60,464.39,396.78,321.65
2010.00,2.00,3.00,313.94,285.10,279.69,69.94,58.83,62.04,302.75,581.87,315.88,404.61,377.01,279.89,624.78,533.91,422.52,632.35,363.59,348.90,279.39,607.23,535.63,890.06,592.80,366.45
2010.00,2.00,4.00,274.88,282.77,276.15,280.60,191.70,64.04,434.79,475.77,363.20,281.22,291.16,285.25,275.98,280.67,274.36,295.22,287.30,261.40,96.64,530.12,616.06,457.15,396.37,330.34
2010.00,2.00,5.00,336.11,310.75,194.25,79.60,74.45,71.37,191.39,385.03,314.73,345.33,280.65,283.15,353.85,329.93,174.75,378.58,133.85,92.09,145.52,503.23,544.39,505.34,496.45,364.82
2010.00,2.00,6.00,237.19,61.63,61.10,77.17,72.25,58.30,264.01,480.32,288.31,320.45,508.08,300.51,312.00,169.15,369.45,569.80,555.54,342.27,763.66,756.29,503.84,588.55,561.13,684.38
2010.00,2.00,7.00,208.51,199.00,192.41,92.88,63.03,64.27,61.86,62.25,303.78,270.57,431.35,128.92,60.25,65.87,216.65,313.57,145.39,263.07,481.71,543.72,385.99,374.30,256.02,151.03
2010.00,2.00,8.00,62.82,58.60,58.28,67.86,58.62,69.60,202.00,538.98,346.34,482.17,522.67,474.73,582.95,363.18,358.77,336.70,277.74,343.49,612.98,623.68,544.98,624.79,566.16,298.12
2010.00,2.00,9.00,294.35,281.35,278.86,295.82,293.92,219.18,278.85,465.33,293.48,289.31,326.57,296.75,322.81,204.59,156.50,159.31,138.82,162.25,392.78,690.23,547.15,635.98,519.32,403.20
2010.00,2.00,10.00,302.98,272.28,65.16,62.88,65.82,73.38,256.29,526.81,359.38,270.50,274.99,411.58,317.54,373.25,194.97,126.74,182.87,289.21,348.66,333.04,330.27,558.61,305.05,84.96
2010.00,2.00,11.00,59.16,59.05,60.23,71.13,124.59,130.32,109.66,371.00,370.42,283.59,276.60,268.70,315.60,171.66,60.21,70.33,94.09,129.05,282.89,456.90,425.40,163.44,81.59,60.64
2010.00,2.00,12.00,63.34,59.89,194.29,63.03,73.77,58.47,309.07,578.95,313.06,432.94,423.97,428.87,322.20,274.88,283.78,283.75,289.71,152.31,140.25,227.90,417.26,249.08,409.39,163.63
2010.00,2.00,13.00,62.91,65.09,56.52,57.54,66.41,70.34,225.10,386.81,406.10,381.81,520.46,295.99,772.86,644.39,822.06,395.03,315.82,311.08,308.04,300.96,312.69,323.04,306.03,311.90
2010.00,2.00,14.00,314.06,195.40,100.48,105.11,95.51,98.19,94.75,95.29,95.72,89.11,104.06,283.67,275.63,296.48,320.02,364.95,348.65,389.28,369.47,471.68,442.37,247.08,172.25,171.50
2010.00,2.00,15.00,112.11,56.47,59.58,70.71,66.83,58.13,205.06,572.99,280.21,272.44,279.96,273.14,275.97,276.40,284.52,149.05,72.53,106.98,298.75,690.93,909.84,739.31,529.82,242.12
2010.00,2.00,16.00,73.77,76.15,78.42,74.74,86.71,82.38,196.09,492.57,484.78,394.70,305.81,325.61,280.22,425.80,354.58,304.03,143.48,144.06,158.96,440.05,342.65,395.30,148.81,91.46
2010.00,2.00,17.00,84.85,75.25,74.55,75.94,80.66,203.30,157.92,275.30,444.59,479.00,343.26,321.61,799.60,397.07,327.46,365.39,125.14,260.34,427.59,368.73,630.06,284.74,71.18,70.57
2010.00,2.00,18.00,72.60,60.61,186.62,62.14,57.97,58.20,204.28,469.49,367.93,271.53,274.92,275.00,286.98,455.14,393.62,307.79,240.14,65.95,195.98,572.01,491.40,228.84,113.87,67.99
2010.00,2.00,19.00,67.02,71.58,60.88,116.16,128.96,58.65,124.59,536.45,408.98,451.87,314.31,413.05,255.25,73.81,155.09,62.45,292.58,254.03,137.29,532.36,488.04,493.37,530.35,385.48
2010.00,2.00,20.00,278.14,275.82,66.32,60.68,62.57,58.29,122.06,448.35,331.45,396.16,425.33,325.05,296.46,316.31,287.15,68.62,68.60,89.45,605.88,552.70,437.77,413.33,381.74,143.35
2010.00,2.00,21.00,62.11,143.01,116.21,63.01,66.35,61.32,63.56,79.05,249.80,399.64,246.26,1002.63,434.91,405.84,913.49,888.93,473.95,645.88,389.40,424.25,498.58,458.09,427.11,481.73
2010.00,2.00,22.00,338.32,110.40,58.46,63.08,60.81,77.49,358.65,605.66,372.51,368.62,281.12,279.56,111.18,148.30,70.25,69.26,76.04,85.06,131.07,178.38,515.23,324.34,89.59,65.14
2010.00,2.00,23.00,65.81,62.21,63.01,73.20,125.40,142.32,93.74,308.12,325.79,338.60,305.46,297.07,204.92,61.32,60.07,82.26,67.42,68.41,216.82,529.95,267.44,432.48,530.60,74.25
2010.00,2.00,24.00,65.35,69.37,67.27,77.22,75.77,63.44,253.86,259.46,661.02,414.70,312.08,355.63,357.58,301.52,295.77,289.50,282.43,280.88,293.51,291.31,562.67,291.84,244.82,116.60
2010.00,2.00,25.00,134.73,81.66,212.99,64.88,58.14,58.11,126.06,355.47,294.12,282.13,297.65,338.01,334.50,306.31,303.49,293.62,406.56,403.23,365.85,302.35,278.29,348.02,329.60,196.00
2010.00,2.00,26.00,124.63,66.15,65.40,135.43,125.46,74.84,120.02,415.85,185.54,145.20,255.32,380.18,325.62,578.15,277.95,167.17,281.92,322.10,341.35,532.03,500.99,578.57,626.37,333.15
2010.00,2.00,27.00,155.79,60.62,74.55,73.27,59.35,59.60,59.73,106.86,127.36,304.24,346.26,542.15,338.39,406.00,405.38,274.85,413.79,489.55,518.23,322.07,321.91,135.19,102.85,95.78
2010.00,2.00,28.00,112.29,108.73,108.08,99.36,101.48,233.20,132.05,117.97,98.04,93.30,89.32,57.96,64.94,75.98,68.90,247.77,64.82,60.71,70.69,80.55,67.34,56.22,58.32,68.01
2010.00,3.00,1.00,70.40,209.31,105.01,57.66,66.35,72.19,64.20,57.05,81.98,76.26,78.64,472.02,418.08,292.98,284.39,202.83,188.97,182.13,172.52,167.08,311.08,191.27,243.23,197.47
2010.00,3.00,2.00,94.54,97.19,109.04,108.87,96.36,99.64,104.00,96.33,310.18,60.68,66.00,67.23,113.81,183.71,70.85,62.58,60.09,64.55,70.15,76.48,63.40,82.57,197.02,162.06
2010.00,3.00,3.00,151.15,129.06,101.74,77.48,68.95,75.02,61.38,204.98,299.71,282.56,285.53,282.65,119.50,71.40,67.69,81.12,66.23,71.62,63.14,63.41,196.13,117.54,67.70,66.20
2010.00,3.00,4.00,66.40,66.60,75.79,67.28,63.38,61.78,252.10,79.42,69.89,72.88,69.25,71.70,76.14,76.01,62.47,64.15,252.65,75.99,125.41,96.24,95.33,95.21,98.33,107.15
2010.00,3.00,5.00,98.70,95.63,273.19,113.49,107.92,101.53,94.65,92.17,72.78,70.76,103.41,99.73,291.53,396.05,405.55,131.06,79.44,67.69,60.20,319.09,195.83,173.58,181.38,96.09
2010.00,3.00,6.00,90.18,72.90,59.71,66.04,59.01,58.03,123.16,161.75,63.78,124.18,248.35,224.54,66.72,61.06,65.18,62.79,197.63,210.09,94.79,93.28,94.00,99.79,112.24,99.45
2010.00,3.00,7.00,97.78,226.21,120.15,104.84,104.17,97.06,97.27,96.23,102.19,103.45,86.18,209.01,60.25,57.81,72.20,200.70,151.52,479.55,507.21,301.04,421.57,435.22,226.38,147.15
2010.00,3.00,8.00,139.68,208.29,70.71,72.09,68.44,79.93,202.06,576.32,671.66,692.94,423.86,364.80,599.21,469.67,399.09,781.69,410.11,309.41,377.79,340.59,482.30,281.03,296.53,75.48
2010.00,3.00,9.00,74.14,70.88,82.20,77.55,70.17,66.69,205.42,532.78,446.32,307.25,296.04,317.13,323.00,431.12,150.76,95.02,170.24,106.57,181.69,364.56,540.96,468.66,307.00,91.45
2010.00,3.00,10.00,223.51,68.12,68.54,64.36,63.54,76.37,192.98,505.77,404.38,386.66,280.83,288.06,349.73,304.58,349.13,352.23,348.55,348.40,302.13,213.89,215.08,271.47,192.80,111.68
2010.00,3.00,11.00,140.62,164.90,64.10,76.52,63.12,64.46,181.92,404.16,374.84,282.70,293.40,270.81,271.75,277.94,285.64,78.25,58.81,59.50,290.74,490.48,686.52,777.24,409.40,336.66
2010.00,3.00,12.00,275.30,70.09,59.47,58.74,60.50,61.65,73.48,397.20,467.56,382.65,270.29,284.14,279.41,278.42,310.34,254.04,198.24,131.63,220.33,575.72,177.62,157.49,143.31,213.49
2010.00,3.00,13.00,67.90,61.09,60.81,72.76,59.75,61.47,120.01,415.41,317.64,372.71,545.56,394.18,457.76,338.56,598.84,418.63,179.18,566.28,756.76,673.70,412.62,280.81,286.37,303.43
2010.00,3.00,14.00,298.60,195.98,64.95,65.49,78.16,61.04,60.19,66.70,64.53,170.60,226.03,202.02,350.97,346.62,201.91,204.89,153.16,300.11,231.05,324.01,296.80,589.48,354.49,234.95
2010.00,3.00,15.00,84.62,63.06,110.88,132.89,60.33,76.38,127.63,386.88,281.30,292.72,299.48,302.43,331.80,279.41,286.01,296.11,201.82,93.04,96.30,576.91,544.53,503.65,343.42,110.15
2010.00,3.00,16.00,61.61,79.20,65.90,59.01,177.38,66.72,297.95,324.59,401.63,316.51,281.35,292.67,274.45,118.77,102.95,125.77,141.06,141.65,306.72,337.51,288.76,334.20,379.48,87.91
2010.00,3.00,17.00,68.39,62.79,81.08,74.89,65.35,62.84,216.41,404.34,395.13,382.92,283.98,350.68,579.67,495.36,335.34,333.85,285.59,250.19,479.38,335.01,264.74,442.84,265.99,78.21
2010.00,3.00,18.00,72.60,76.59,62.45,65.93,59.12,125.07,392.07,350.43,345.57,269.95,297.95,113.54,87.10,80.80,81.71,159.03,175.04,246.63,319.03,491.88,594.19,385.81,162.72,114.32
2010.00,3.00,19.00,94.51,103.66,108.59,144.71,177.85,100.67,143.92,279.79,356.62,277.66,289.56,269.78,283.80,286.12,315.02,280.08,88.02,100.80,152.79,536.47,370.65,276.65,290.72,131.63
2010.00,3.00,22.00,112.72,61.69,179.25,60.38,74.10,73.26,279.56,357.90,278.58,270.30,276.26,269.48,328.22,307.70,289.98,274.58,244.17,61.37,150.78,281.32,420.23,374.22,227.77,59.22
2010.00,3.00,23.00,66.18,206.02,74.17,73.39,65.47,57.04,96.14,252.00,436.45,383.24,323.13,291.25,289.68,272.51,316.83,438.61,200.46,114.12,103.85,481.80,491.58,492.67,359.65,95.01
2010.00,3.00,24.00,59.45,68.32,61.80,147.33,132.01,66.94,273.07,341.41,352.22,344.27,355.13,626.67,428.24,508.85,601.40,297.37,134.18,144.40,125.85,260.26,409.17,471.89,247.86,89.69
2010.00,3.00,25.00,89.72,94.65,92.97,100.31,90.31,193.55,239.35,384.69,395.50,340.42,344.64,335.97,356.64,300.72,92.29,66.62,67.00,75.83,157.47,314.48,478.94,417.86,313.91,170.41
2010.00,3.00,26.00,66.48,80.40,73.67,59.81,65.70,58.03,232.67,452.39,359.62,376.96,273.64,238.25,151.82,96.15,115.81,207.07,295.14,294.20,181.84,222.17,431.36,555.24,313.82,218.10
2010.00,3.00,27.00,98.70,72.58,63.69,68.16,74.62,189.87,90.15,87.58,127.58,379.23,487.75,391.99,277.67,282.25,274.31,267.31,345.39,547.53,687.84,247.10,208.85,249.64,288.09,258.07
2010.00,3.00,28.00,201.86,93.49,247.86,244.36,74.35,79.42,60.94,67.48,95.17,97.54,397.27,419.58,179.24,220.58,496.19,122.73,156.03,151.19,175.91,544.86,592.27,506.69,516.25,161.38
2010.00,3.00,29.00,71.63,72.39,69.14,77.79,93.35,173.95,119.31,443.46,277.20,287.80,281.19,291.18,289.51,299.52,279.52,288.26,286.46,291.65,175.98,166.36,302.00,402.10,171.92,114.98
2010.00,3.00,30.00,94.97,87.69,81.20,88.38,103.18,237.92,101.80,507.37,517.15,396.47,346.91,291.05,285.07,443.07,303.85,225.15,174.30,177.11,133.53,186.84,346.69,584.99,447.62,95.62
2010.00,3.00,31.00,91.94,63.92,65.60,58.57,58.16,124.09,206.38,363.28,433.48,444.52,276.91,381.95,395.31,617.44,96.81,191.63,405.82,167.47,218.54,381.65,426.88,515.99,241.47,87.08
2010.00,4.00,1.00,72.48,73.73,60.79,62.10,81.16,188.28,140.13,373.74,342.58,277.83,281.21,274.20,278.05,268.29,220.64,72.64,86.13,67.13,136.82,392.17,561.06,490.04,459.14,278.67
2010.00,4.00,2.00,143.35,58.51,72.75,69.32,58.85,57.45,212.04,378.06,344.20,374.80,301.49,293.50,360.39,95.97,144.52,302.63,310.85,298.31,172.50,300.40,445.71,304.59,229.36,82.06
2010.00,4.00,3.00,149.44,112.25,59.11,66.54,59.16,56.31,129.11,496.20,389.69,321.57,416.57,455.24,339.06,327.29,310.43,293.46,306.59,298.88,300.07,298.37,313.22,227.69,87.61,111.98
2010.00,4.00,4.00,109.48,66.78,189.28,113.74,81.21,57.89,60.58,109.80,110.94,261.69,320.33,202.63,405.30,305.61,294.43,548.82,461.88,544.00,396.01,397.01,227.79,84.50,99.67,99.34
2010.00,4.00,5.00,71.37,56.89,88.10,163.73,59.09,60.38,70.42,168.86,82.23,221.35,545.20,260.64,167.60,68.70,58.79,110.41,111.93,87.58,272.59,128.05,238.15,400.06,118.62,61.78
2010.00,4.00,6.00,62.09,76.82,69.63,58.40,63.77,188.73,98.23,184.15,340.33,361.25,404.10,378.56,304.52,309.30,392.77,390.02,153.04,145.34,141.27,169.02,630.06,494.91,411.15,165.90
2010.00,4.00,7.00,67.84,71.82,184.06,94.27,78.57,84.64,196.25,485.30,278.47,268.91,280.22,380.77,315.26,318.03,396.41,125.81,84.84,74.15,85.94,157.48,533.79,346.84,261.54,70.90
2010.00,4.00,8.00,79.04,190.64,101.97,67.80,60.19,71.52,133.93,396.68,367.29,287.30,286.12,285.27,309.22,308.36,242.62,79.52,70.28,109.91,167.30,309.33,522.76,496.20,386.71,83.59
2010.00,4.00,9.00,62.12,65.28,56.20,71.97,70.11,73.36,170.23,397.75,412.44,380.08,284.43,288.67,237.52,66.28,93.71,86.43,275.55,254.81,89.89,104.41,78.82,107.97,231.21,89.24
2010.00,4.00,10.00,83.49,63.54,66.32,57.19,69.33,162.77,156.76,396.59,290.72,272.89,313.22,103.10,102.39,78.75,58.45,71.85,101.49,264.42,424.28,266.47,152.77,70.14,166.04,113.88
2010.00,4.00,11.00,259.28,64.49,62.90,63.86,57.90,74.29,69.62,78.41,128.41,400.32,228.32,253.25,319.14,299.08,77.84,64.82,106.06,83.80,348.85,329.69,751.59,764.78,308.54,67.76
2010.00,4.00,12.00,76.74,71.22,73.81,152.60,76.09,59.95,159.64,393.31,292.29,276.73,288.12,341.69,341.50,289.21,263.94,65.27,57.84,108.33,143.81,281.23,446.19,267.64,132.43,65.33
2010.00,4.00,13.00,196.90,60.50,79.02,68.71,62.56,54.91,197.95,416.75,410.50,293.19,304.83,350.92,285.51,309.13,174.62,83.78,197.84,187.90,118.77,310.83,263.22,335.68,133.56,67.90
2010.00,4.00,14.00,70.76,64.96,57.59,72.78,76.13,197.28,176.20,491.23,282.26,288.84,305.25,430.34,87.46,454.42,465.39,296.22,80.47,71.67,74.15,222.74,477.10,346.36,279.59,80.97
2010.00,4.00,15.00,77.72,69.37,174.52,83.40,58.84,71.44,198.32,391.24,364.99,272.19,271.40,268.71,297.28,336.86,330.91,281.00,253.23,179.44,223.47,348.96,410.79,596.40,451.76,133.18
2010.00,4.00,16.00,77.47,73.39,77.38,83.64,61.28,70.13,252.90,408.21,359.51,463.06,233.19,78.40,410.83,287.50,159.53,215.45,306.38,281.50,313.32,409.08,136.28,179.80,72.91,116.34
2010.00,4.00,17.00,77.08,76.48,171.50,104.55,69.52,59.30,127.42,402.00,342.58,355.65,706.16,240.61,247.00,118.28,316.51,322.90,302.22,291.70,289.99,146.95,73.02,64.23,75.47,132.09
2010.00,4.00,18.00,133.99,64.61,151.70,158.70,71.87,81.80,62.68,101.11,79.16,80.50,394.05,374.22,449.17,294.09,278.58,225.25,79.97,77.75,245.72,328.00,358.95,432.36,222.32,98.75
2010.00,4.00,19.00,74.60,71.22,86.91,76.65,69.81,62.88,209.76,114.24,73.78,211.45,451.76,354.17,334.76,298.12,278.59,285.77,290.24,528.36,423.15,432.00,362.71,329.01,120.72,67.78
2010.00,4.00,20.00,210.40,84.47,81.48,69.14,69.82,59.33,87.53,350.98,313.33,371.47,367.21,312.12,310.29,326.91,292.62,285.80,300.95,307.74,247.30,276.91,475.71,447.19,280.36,89.84
2010.00,4.00,21.00,187.27,146.89,70.80,62.57,82.19,82.73,93.11,221.24,294.98,246.47,351.96,335.94,287.87,285.98,299.72,185.03,90.17,251.45,258.90,116.07,246.01,331.16,298.44,359.10
2010.00,4.00,22.00,128.14,72.83,87.07,82.12,182.85,81.08,68.62,91.03,173.92,336.97,372.98,403.34,434.73,382.30,310.83,278.71,288.53,202.87,96.22,101.45,172.26,291.47,72.68,82.42
2010.00,4.00,23.00,78.70,60.90,68.50,67.98,72.67,78.31,269.30,172.48,339.23,301.56,307.79,282.49,284.23,287.45,307.22,147.38,82.58,80.05,69.16,170.20,124.89,81.06,71.68,69.29
2010.00,4.00,24.00,59.58,77.33,85.59,74.27,69.31,214.88,74.74,81.33,67.90,69.79,67.77,69.87,104.31,118.72,106.94,244.64,137.63,331.04,481.60,488.06,399.32,619.08,596.99,343.52
2010.00,4.00,25.00,322.33,543.81,380.81,325.11,367.51,349.26,83.95,82.06,82.93,82.73,375.32,359.22,390.74,376.99,139.16,84.40,87.43,64.66,75.39,85.75,72.54,72.44,181.48,78.03
2010.00,4.00,26.00,82.62,70.43,69.42,71.19,78.57,70.25,70.08,70.57,230.87,113.36,78.58,101.58,81.67,116.31,83.66,337.05,192.54,74.05,95.55,292.08,288.39,280.80,430.20,174.16
2010.00,4.00,27.00,178.37,166.41,164.90,154.59,174.19,165.34,163.40,158.54,445.73,296.54,291.74,285.35,301.50,200.50,99.77,87.69,85.00,66.60,81.45,66.71,81.79,68.87,87.28,233.93
2010.00,4.00,28.00,81.90,66.50,69.13,63.57,79.58,67.71,69.51,72.84,75.04,146.81,284.83,199.12,90.73,63.98,76.46,76.17,86.70,74.73,93.45,265.69,360.31,210.85,77.74,95.38
2010.00,4.00,29.00,303.82,156.25,138.57,138.19,142.78,119.40,156.06,284.64,318.04,360.77,249.91,69.65,66.71,75.51,84.43,73.84,68.95,110.80,158.40,249.80,74.55,68.39,70.49,83.03
2010.00,4.00,30.00,81.85,68.44,71.78,68.93,204.90,104.24,67.91,65.08,70.84,184.91,248.44,121.28,393.62,192.42,292.54,169.48,195.10,560.05,139.80,71.62,69.04,69.20,84.78,75.65
2010.00,5.00,1.00,68.85,93.31,152.70,76.60,69.10,66.23,73.50,81.88,61.32,67.30,238.07,514.16,310.81,100.17,502.24,230.28,99.35,81.75,66.39,103.21,174.54,309.09,510.34,282.22
2010.00,5.00,2.00,70.62,70.22,76.97,75.55,71.70,71.35,68.94,299.02,303.49,322.21,164.16,317.91,701.75,694.29,377.09,449.15,352.51,354.34,353.22,743.27,498.44,546.73,121.70,77.18
2010.00,5.00,3.00,81.19,73.85,67.73,67.09,216.63,64.26,151.93,412.16,279.02,272.19,270.05,260.49,193.56,73.90,67.31,64.97,69.51,72.87,106.14,424.79,520.83,471.26,279.91,70.96
2010.00,5.00,4.00,74.43,65.69,59.99,74.70,66.83,57.69,176.62,233.56,378.58,381.58,372.73,284.95,274.02,260.69,270.29,273.56,148.57,102.69,138.67,274.15,389.69,276.33,232.97,110.43
2010.00,5.00,5.00,71.16,58.82,74.57,166.18,112.26,57.52,120.41,299.27,244.54,466.44,431.31,299.16,291.46,286.91,478.10,381.51,89.51,115.12,151.37,261.91,370.78,615.41,355.13,127.06
2010.00,5.00,6.00,68.24,76.74,66.39,121.62,153.80,63.67,103.83,241.25,339.98,274.36,259.28,282.03,295.21,245.83,89.70,104.70,68.37,88.98,242.98,358.03,276.92,182.17,173.05,87.64
2010.00,5.00,7.00,65.21,64.34,67.53,70.99,203.96,71.24,241.28,402.42,338.29,366.92,260.32,271.52,321.00,132.61,131.52,264.87,179.10,72.80,110.80,290.61,451.21,452.98,306.89,258.02
2010.00,5.00,8.00,203.04,420.65,237.90,177.75,62.87,76.96,65.72,70.74,98.74,477.06,530.54,421.26,287.80,284.25,286.42,119.79,69.67,69.93,74.37,64.28,83.09,644.62,116.85,89.16
2010.00,5.00,9.00,82.41,99.33,79.79,79.63,65.76,67.23,179.59,113.97,93.73,141.93,509.90,409.67,299.70,295.54,329.50,192.83,110.23,198.37,182.05,355.99,490.25,464.66,219.65,80.36
2010.00,5.00,10.00,83.37,68.91,80.83,73.80,70.71,164.69,124.67,367.64,290.32,269.76,291.60,285.10,228.09,78.16,126.47,80.00,84.10,82.67,84.90,230.33,474.78,574.25,325.11,278.09
2010.00,5.00,11.00,291.24,285.11,287.09,77.87,80.17,60.74,143.76,417.51,441.80,314.40,324.48,315.92,249.02,203.08,92.40,95.62,149.71,173.22,224.06,406.20,214.29,109.48,87.49,113.36
2010.00,5.00,12.00,64.28,194.23,98.76,69.11,62.02,62.98,186.11,484.76,414.52,328.08,298.77,378.65,363.77,283.77,588.00,365.18,287.72,605.83,135.29,106.58,339.37,351.93,307.44,304.10
2010.00,5.00,13.00,68.38,71.75,66.75,70.07,68.91,62.77,72.77,59.65,289.74,72.12,290.32,385.58,390.00,277.22,292.22,198.59,132.11,175.23,586.76,268.19,355.71,369.42,397.47,80.49
2010.00,5.00,14.00,74.11,78.24,75.28,75.83,74.75,66.25,203.61,316.39,454.30,472.29,293.37,297.57,323.05,308.13,304.72,295.46,314.65,314.67,340.64,373.73,322.46,120.56,75.48,77.42
2010.00,5.00,15.00,77.66,69.72,74.77,68.12,71.06,217.52,126.02,390.54,366.43,397.26,252.18,99.39,154.73,324.27,174.39,110.53,99.32,108.93,160.57,389.04,607.43,746.36,545.18,752.32
2010.00,5.00,16.00,369.39,348.14,385.37,284.83,68.92,84.84,67.61,73.91,96.45,345.29,293.50,128.31,136.36,376.07,686.60,231.91,94.26,108.71,214.93,624.11,507.57,547.84,508.58,311.17
2010.00,5.00,17.00,192.34,75.22,81.26,65.99,81.87,65.26,165.92,387.32,291.89,292.62,299.79,287.57,309.23,292.94,278.68,289.58,326.59,316.79,130.01,158.42,313.86,344.85,212.77,83.73
2010.00,5.00,18.00,67.91,79.90,67.29,80.57,196.44,87.11,161.64,371.29,286.14,286.44,301.12,305.84,290.62,289.06,224.70,137.83,142.82,127.88,120.28,168.59,391.20,218.71,155.28,106.37
2010.00,5.00,19.00,104.62,176.41,148.83,96.71,90.28,96.35,117.93,242.92,334.82,358.93,292.56,338.55,305.04,67.95,177.34,185.83,78.62,81.14,100.98,210.93,456.94,219.47,152.54,247.62
2010.00,5.00,20.00,79.54,86.57,76.90,82.83,64.76,79.68,118.56,334.89,351.32,280.15,292.60,284.72,282.28,172.22,134.99,72.27,90.33,82.10,290.45,165.51,87.32,84.08,81.51,112.09
2010.00,5.00,21.00,80.87,161.68,137.28,82.54,67.59,81.04,80.36,276.14,413.34,396.09,305.97,305.08,162.12,76.88,129.47,266.51,105.77,70.63,88.16,173.34,342.21,178.92,179.03,87.85
2010.00,5.00,22.00,89.76,97.71,188.07,113.44,91.28,83.72,169.82,372.10,416.31,397.88,414.47,586.46,576.81,260.61,338.68,336.42,319.84,270.54,108.05,322.18,513.01,367.24,320.37,124.61
2010.00,5.00,23.00,128.14,105.97,72.09,86.43,76.92,212.45,81.27,112.69,113.84,401.40,279.50,260.64,135.40,293.67,364.31,352.26,351.09,179.87,121.04,130.18,146.36,385.81,309.45,182.13
2010.00,5.00,24.00,93.51,93.16,91.26,84.68,78.66,85.20,205.72,114.52,164.36,131.68,253.96,116.77,294.02,93.98,89.17,78.89,188.88,333.69,335.96,256.98,443.89,481.94,217.72,74.32
2010.00,5.00,25.00,64.47,75.36,64.95,72.03,67.76,67.56,105.19,332.60,337.57,295.73,301.44,281.16,156.86,68.91,66.37,68.38,93.61,115.56,96.77,261.92,379.03,371.96,117.53,71.77
2010.00,5.00,26.00,67.42,66.27,68.95,64.26,66.79,66.23,165.35,310.07,462.50,458.32,321.65,321.32,150.01,278.66,76.54,76.47,66.76,81.81,115.69,529.83,427.34,143.30,105.36,64.82
2010.00,5.00,27.00,61.60,60.89,62.20,123.03,131.60,54.74,98.67,213.20,329.22,331.53,263.51,266.87,303.68,337.74,89.32,146.16,61.88,92.99,122.12,209.39,372.00,276.56,174.64,160.33
2010.00,5.00,28.00,117.70,75.48,60.46,62.12,50.33,53.58,196.41,257.89,315.01,356.43,302.04,248.40,157.15,154.57,194.63,269.13,287.38,258.14,174.77,142.87,118.71,172.97,301.41,261.90
2010.00,5.00,29.00,116.50,94.58,64.48,59.12,46.06,60.95,116.08,357.41,280.85,261.83,523.27,213.91,413.19,327.52,400.01,208.92,171.37,246.26,671.99,473.76,325.14,440.83,403.53,450.93
2010.00,5.00,30.00,172.92,280.44,103.40,91.58,88.47,93.70,91.76,143.04,270.58,124.58,327.64,266.11,162.66,153.96,80.01,327.82,197.44,509.31,359.31,420.35,591.71,449.43,97.60,63.83
2010.00,5.00,31.00,56.85,52.33,57.98,52.03,55.45,52.40,255.47,355.49,361.00,269.07,263.57,266.86,211.36,64.77,53.94,95.70,312.17,235.22,338.25,250.48,118.20,246.53,276.26,98.70
2010.00,6.00,1.00,59.15,61.72,49.66,61.15,45.61,59.09,121.00,316.11,380.72,393.36,266.42,264.73,330.26,315.53,284.67,291.18,179.09,67.28,69.39,75.92,116.10,102.78,128.08,126.37
2010.00,6.00,2.00,63.08,149.64,216.68,49.13,55.20,51.36,127.35,343.13,265.32,261.95,223.93,142.26,81.45,86.80,53.46,209.23,59.53,61.06,55.15,68.82,179.51,243.69,120.50,51.56
2010.00,6.00,3.00,103.10,50.39,60.25,198.06,42.88,60.83,184.57,337.03,443.75,367.73,270.92,261.72,380.87,453.93,270.93,267.43,58.26,60.77,78.58,245.71,77.90,118.25,113.95,68.62
2010.00,6.00,4.00,59.12,266.64,60.61,50.50,55.17,65.89,239.52,324.07,309.34,363.89,262.51,234.86,114.36,194.51,202.57,275.01,291.03,158.07,97.69,73.21,87.74,354.67,261.81,260.14
2010.00,6.00,5.00,390.34,184.38,70.23,53.06,71.75,62.60,130.43,312.41,294.32,283.49,225.03,321.78,467.53,177.96,270.98,237.75,409.08,177.29,396.13,355.87,340.98,127.81,595.69,639.76
2010.00,6.00,6.00,546.06,275.19,82.01,83.95,75.04,79.52,63.18,86.87,83.22,259.29,156.00,67.53,488.72,389.33,300.57,286.03,539.33,513.65,103.70,80.50,98.42,421.70,506.61,147.40
2010.00,6.00,7.00,52.66,74.21,61.69,72.14,61.18,55.33,155.74,345.63,349.88,372.31,157.57,69.26,82.18,81.85,58.86,68.74,64.68,204.65,121.24,185.16,210.34,177.86,164.06,74.95
2010.00,6.00,8.00,123.27,161.44,48.71,66.05,61.30,67.28,95.89,364.27,435.33,392.16,285.98,285.95,273.80,276.47,63.37,87.65,110.48,122.97,143.41,279.74,205.64,278.78,111.91,129.04
2010.00,6.00,9.00,69.67,78.25,51.31,73.53,63.06,75.68,175.91,384.76,266.99,275.99,323.77,329.71,100.31,475.12,170.27,185.93,71.34,283.21,306.52,243.40,377.72,298.18,226.05,130.91
2010.00,6.00,10.00,79.62,64.38,62.51,63.76,147.71,134.35,109.08,280.91,353.00,266.86,291.05,274.49,282.69,216.93,73.82,63.88,74.67,86.70,134.69,207.82,341.95,210.91,103.39,63.70
2010.00,6.00,11.00,67.00,74.66,62.28,59.42,65.39,49.61,319.98,369.48,396.60,364.02,280.68,278.55,346.52,260.08,91.52,198.04,217.62,102.46,93.17,344.99,114.98,229.58,215.96,224.88
2010.00,6.00,12.00,191.93,83.42,158.06,62.74,67.44,63.69,119.42,333.13,337.44,273.07,267.04,181.39,416.14,310.27,195.66,334.89,332.38,341.03,416.50,496.16,327.06,363.20,464.17,346.18
2010.00,6.00,13.00,237.98,60.73,119.26,95.99,175.54,53.65,64.23,108.05,85.62,115.39,577.71,532.20,189.14,425.37,401.59,126.28,97.04,217.77,227.27,399.86,245.87,505.05,319.33,115.15
2010.00,6.00,14.00,125.94,68.35,170.37,65.51,63.93,57.30,114.58,298.00,281.65,277.24,271.67,270.85,368.49,215.46,75.46,57.42,65.95,48.82,76.22,152.80,318.63,267.92,163.11,122.35
2010.00,6.00,15.00,80.93,56.33,58.32,56.94,147.84,128.72,119.13,158.09,262.09,279.70,152.43,252.33,228.32,300.20,274.33,132.26,57.99,69.02,60.41,149.71,318.72,247.26,243.78,182.82
2010.00,6.00,16.00,180.31,176.26,258.33,157.24,151.23,157.05,156.15,138.68,385.54,380.83,299.36,272.52,279.58,321.57,172.17,305.52,291.01,259.53,266.42,67.51,159.67,443.92,363.08,160.30
2010.00,6.00,17.00,71.58,71.30,68.13,56.16,69.22,65.52,278.27,172.34,175.50,59.23,164.88,283.31,274.51,328.78,120.29,68.89,61.43,56.08,62.75,61.24,345.82,169.44,156.47,133.33
2010.00,6.00,18.00,127.26,143.05,50.77,64.15,47.72,61.03,105.27,243.59,378.62,306.80,356.65,334.71,281.22,292.50,203.76,53.77,89.09,194.46,97.56,125.86,344.77,198.70,189.43,82.55
2010.00,6.00,19.00,124.10,159.51,98.43,72.52,55.05,70.53,67.21,94.23,165.10,319.72,372.54,356.91,100.31,321.76,173.60,112.18,347.43,203.62,76.97,74.30,136.03,451.40,474.24,221.02
2010.00,6.00,20.00,112.92,74.22,50.12,70.99,45.50,69.35,45.41,66.46,193.97,202.71,294.96,302.10,352.88,295.67,282.03,79.06,107.08,377.40,513.23,601.60,414.63,351.80,340.74,245.33
2010.00,6.00,21.00,54.04,69.42,185.00,68.77,48.30,70.61,54.59,192.79,291.14,286.61,253.97,278.38,219.91,130.05,303.20,494.34,74.74,270.69,495.57,383.05,361.86,262.36,459.79,142.65
2010.00,6.00,22.00,65.93,53.18,56.49,54.67,56.40,50.92,125.69,400.24,354.09,365.97,344.66,231.23,127.10,259.63,165.16,130.22,90.43,409.71,313.19,214.40,211.79,246.33,435.29,228.60
2010.00,6.00,23.00,60.50,50.26,57.00,55.95,54.90,52.53,102.24,307.36,274.19,283.89,403.46,296.44,245.18,58.93,73.86,73.09,61.82,109.25,344.32,385.86,242.06,776.20,291.07,73.19
2010.00,6.00,24.00,69.21,67.05,81.66,103.44,138.51,76.37,83.42,272.28,336.97,278.28,177.84,72.76,73.04,73.25,63.82,72.81,66.14,83.79,135.48,300.47,252.12,283.74,357.87,76.59
2010.00,6.00,25.00,58.80,60.38,55.90,66.86,66.50,55.99,205.00,279.52,231.28,294.68,281.91,319.44,386.29,191.53,55.81,53.26,62.85,72.36,56.01,60.18,64.85,262.16,294.49,72.85
2010.00,6.00,26.00,72.05,56.66,57.77,70.77,62.16,169.65,92.85,98.50,64.63,176.18,362.18,164.47,284.59,209.60,85.09,85.03,170.12,286.12,278.78,69.93,69.81,60.06,68.43,106.75
2010.00,6.00,27.00,69.55,105.70,166.51,71.64,60.25,56.58,64.78,95.34,65.36,301.83,201.80,108.94,207.03,323.19,300.38,177.73,172.68,120.05,151.91,83.99,78.24,164.40,407.08,186.95
2010.00,6.00,28.00,69.49,70.00,111.24,95.18,65.74,65.09,215.51,278.22,303.25,201.45,64.14,183.89,129.69,107.94,205.22,331.90,207.77,327.22,356.53,262.97,192.19,225.44,345.67,413.96
2010.00,6.00,29.00,198.40,125.20,67.08,64.50,78.66,81.52,87.29,221.38,358.86,315.98,378.20,160.89,100.79,195.69,187.29,78.89,115.53,249.56,150.56,185.60,203.42,338.60,456.83,89.38
2010.00,6.00,30.00,67.76,90.65,131.78,61.66,57.81,186.46,106.01,209.07,234.99,72.58,60.86,135.54,231.44,262.24,275.99,204.72,125.98,276.47,263.39,254.41,226.79,277.52,322.31,407.02
2010.00,7.00,1.00,655.65,170.76,74.76,74.67,82.73,82.56,81.04,73.87,84.64,93.50,290.65,295.49,299.74,217.33,214.06,226.60,247.29,192.18,268.36,93.02,95.00,141.83,205.47,166.90
2010.00,7.00,2.00,275.28,113.42,102.60,317.52,217.41,167.03,83.65,86.35,84.50,76.13,91.65,207.76,130.16,97.03,159.20,126.77,225.55,99.11,119.34,291.34,297.15,218.67,80.31,77.17
2010.00,7.00,3.00,89.04,115.47,293.64,145.11,74.53,94.06,98.72,222.09,76.68,82.23,86.83,137.70,147.61,100.20,91.37,80.15,74.55,91.50,202.63,199.51,239.83,224.01,337.55,371.63
2010.00,7.00,4.00,359.53,319.55,356.29,339.55,321.16,306.19,307.07,437.06,271.83,243.08,306.00,241.81,58.48,76.53,73.19,62.55,61.42,73.46,77.18,60.02,84.84,274.84,164.05,173.09
2010.00,7.00,5.00,80.95,77.61,67.49,67.00,74.77,69.75,62.61,153.33,211.91,68.49,58.89,65.85,118.91,116.11,250.32,290.34,240.34,60.20,62.51,193.28,256.57,368.54,336.53,304.41
2010.00,7.00,6.00,123.72,62.89,72.27,70.39,53.45,61.78,70.63,248.96,273.43,272.16,269.39,55.46,64.80,137.37,145.18,109.64,139.59,106.27,112.53,250.87,301.48,145.65,61.45,92.57
2010.00,7.00,7.00,75.43,133.91,61.84,75.60,57.41,56.57,185.43,60.99,198.14,66.51,62.19,66.64,99.08,107.70,278.56,167.37,64.19,73.43,67.51,119.75,287.82,121.07,188.82,64.25
2010.00,7.00,8.00,80.33,99.80,65.93,64.98,73.48,64.06,108.56,303.15,236.18,58.30,98.32,71.82,61.57,212.61,363.87,174.44,327.15,67.97,104.61,119.53,384.90,253.90,333.84,251.24
2010.00,7.00,9.00,268.52,82.78,105.02,83.93,92.12,125.58,180.47,208.62,120.13,127.43,168.47,92.80,114.19,236.67,133.07,119.15,124.37,99.21,116.08,105.81,189.30,118.16,288.54,256.12
2010.00,7.00,10.00,126.30,79.70,82.44,223.51,75.56,69.86,69.25,66.79,101.75,391.60,205.75,95.74,82.12,304.30,410.25,282.75,168.71,175.74,86.05,174.94,234.77,84.85,124.70,72.23
2010.00,7.00,11.00,68.53,84.66,80.41,71.13,67.42,98.48,149.24,66.36,100.58,90.54,302.40,290.33,135.14,149.58,93.96,102.64,126.30,118.18,152.75,383.80,136.16,185.40,352.84,511.04
2010.00,7.00,12.00,216.75,75.81,92.32,67.17,71.40,73.29,107.24,164.76,185.97,118.64,149.52,123.79,142.26,122.36,102.74,106.93,69.53,228.60,135.59,105.60,296.23,393.42,367.03,125.25
2010.00,7.00,13.00,74.57,85.82,65.03,71.75,79.04,76.80,77.30,225.18,317.96,336.89,122.69,118.39,113.02,279.96,342.04,216.37,97.12,96.48,210.53,267.47,308.99,416.42,364.25,172.71
2010.00,7.00,14.00,97.92,128.08,91.84,69.57,77.85,74.89,89.67,184.36,118.90,113.76,98.01,204.07,223.30,244.28,283.35,211.68,103.40,95.98,103.48,150.98,183.49,449.19,612.29,616.28
2010.00,7.00,15.00,502.85,272.61,248.01,157.94,164.53,152.20,159.79,159.56,242.68,392.34,217.17,233.62,108.08,99.09,173.27,370.25,217.81,105.11,107.57,101.42,103.17,341.00,471.72,261.98
2010.00,7.00,16.00,147.95,117.88,78.19,91.71,65.14,54.93,69.76,54.82,156.56,144.90,112.62,59.45,64.82,124.47,136.31,272.62,111.66,61.93,57.85,68.26,54.85,178.95,229.37,176.83
2010.00,7.00,17.00,163.72,200.68,199.85,62.45,65.88,59.91,63.25,61.40,81.48,272.59,274.33,78.13,61.86,49.30,59.56,58.66,63.06,57.92,59.87,63.67,199.37,135.98,143.66,110.27
2010.00,7.00,18.00,85.93,78.85,65.39,116.94,42.71,62.24,58.21,228.85,59.31,61.48,47.20,56.16,62.51,52.35,64.29,45.28,58.00,56.98,181.02,242.85,225.49,206.46,215.10,291.93
2010.00,7.00,19.00,73.09,54.19,55.71,56.87,62.49,60.32,193.30,118.14,59.05,59.27,68.79,63.85,41.36,77.01,68.22,100.82,80.55,209.02,265.39,276.32,73.13,75.33,242.47,195.11
2010.00,7.00,20.00,85.45,72.56,91.54,137.14,68.35,85.29,209.28,65.23,65.61,69.63,226.06,149.73,66.27,67.69,60.54,63.63,56.04,93.74,142.87,131.13,318.70,149.28,144.47,189.01
2010.00,7.00,21.00,154.07,145.24,66.17,61.38,69.33,60.47,74.55,130.70,167.70,69.92,60.14,65.67,56.43,152.86,170.46,147.47,252.92,145.91,65.71,149.05,250.93,93.79,315.40,566.85
2010.00,7.00,22.00,526.83,426.99,288.03,276.54,269.48,85.79,72.24,92.81,200.56,71.28,70.79,67.18,72.71,72.11,260.88,72.25,74.11,76.03,73.36,73.82,77.91,190.37,226.17,104.05
2010.00,7.00,23.00,105.28,249.01,116.53,245.20,219.56,166.39,70.17,75.47,141.08,278.36,85.23,71.28,114.97,154.46,90.21,183.45,106.29,70.52,74.70,277.28,295.73,325.18,186.89,157.51
2010.00,7.00,24.00,152.61,148.47,93.46,69.41,72.94,70.06,76.37,179.66,105.81,74.37,69.60,71.58,128.71,156.64,67.44,71.11,71.58,74.11,149.29,174.00,137.35,345.51,242.30,222.99
2010.00,7.00,25.00,215.07,177.52,69.32,63.84,75.82,72.54,173.60,158.12,74.18,69.89,274.71,323.81,310.69,168.00,71.95,71.85,75.94,71.16,73.30,172.94,133.82,126.38,128.46,557.64
2010.00,7.00,26.00,67.09,66.73,54.90,71.41,60.58,65.75,50.77,65.64,348.78,81.23,146.38,213.34,101.07,64.99,64.10,58.24,66.25,54.10,68.60,58.11,63.86,225.36,411.88,373.06
2010.00,7.00,27.00,324.11,318.62,159.56,70.28,57.07,61.36,59.36,63.08,54.23,229.16,146.71,104.65,114.59,97.75,57.02,216.17,59.69,57.15,67.61,54.31,64.85,170.20,237.98,280.61
2010.00,7.00,28.00,332.76,280.30,139.21,64.05,59.52,60.17,88.89,302.65,260.35,246.42,56.97,60.98,59.99,63.06,57.48,63.23,62.25,55.74,66.23,125.02,145.46,58.13,67.67,55.13
2010.00,7.00,29.00,65.33,62.51,58.55,64.31,58.95,63.46,54.13,243.04,58.03,63.92,53.33,54.36,58.82,62.33,60.19,56.32,66.31,53.50,88.63,215.24,62.95,56.29,65.66,56.28
2010.00,7.00,30.00,60.68,62.81,57.31,60.42,59.38,61.51,71.07,226.55,93.83,63.94,58.51,60.40,55.43,52.45,55.05,59.62,62.47,237.32,62.07,57.04,55.30,55.19,66.67,54.47
2010.00,7.00,31.00,62.18,59.45,60.79,56.83,110.03,197.94,61.84,65.30,56.06,58.47,51.33,59.22,55.93,65.72,55.62,62.74,135.02,177.73,56.89,67.51,61.24,58.66,66.44,57.56
2010.00,8.00,1.00,62.45,57.67,65.99,52.03,126.59,185.05,62.20,52.35,59.73,60.98,57.25,66.82,52.07,65.20,57.41,61.78,129.38,180.89,59.72,61.48,64.67,60.16,60.60,61.49
2010.00,8.00,2.00,59.38,49.74,62.40,54.57,139.39,169.38,64.82,56.31,62.33,63.58,54.10,66.83,55.01,63.54,57.46,65.24,148.51,146.24,62.38,60.69,63.65,60.46,60.62,57.05
2010.00,8.00,3.00,63.39,53.73,63.16,57.14,181.90,111.93,62.81,55.67,70.55,82.48,74.89,76.96,71.67,81.90,76.48,84.47,268.13,85.38,69.60,77.68,74.96,54.77,63.42,56.37
2010.00,8.00,4.00,63.59,53.18,65.68,66.25,227.46,63.90,55.22,62.28,62.69,60.49,55.28,64.17,50.23,54.67,58.03,115.92,193.31,62.43,60.52,57.52,67.49,53.62,59.73,49.91
2010.00,8.00,5.00,60.79,53.73,64.46,136.23,169.94,61.97,45.53,59.05,58.86,62.81,53.68,54.67,51.64,61.95,56.66,190.42,105.67,59.79,59.91,56.20,66.11,41.07,62.79,57.19
2010.00,8.00,6.00,58.80,55.29,56.82,241.44,60.45,58.65,55.51,51.84,54.16,58.45,54.09,59.26,42.62,63.84,117.75,181.04,52.59,59.73,56.58,59.03,53.35,52.63,65.12,53.43
2010.00,8.00,7.00,58.83,46.04,179.77,132.21,63.56,55.40,46.31,60.27,58.09,60.31,44.56,60.36,50.71,66.25,169.01,122.08,57.10,58.91,55.22,66.84,45.00,58.94,61.00,54.67
2010.00,8.00,8.00,62.49,56.13,232.92,63.03,62.41,53.21,63.12,52.82,52.17,57.16,62.75,54.57,47.71,104.43,199.77,61.70,45.31,57.70,57.88,65.82,41.27,65.60,53.01,61.69
2010.00,8.00,9.00,55.73,166.87,130.02,62.95,58.36,56.16,62.58,57.54,48.86,60.03,58.72,54.25,65.59,215.95,77.64,56.05,63.19,53.16,59.52,52.74,60.82,60.69,61.76,57.16
2010.00,8.00,10.00,69.67,245.99,57.19,51.59,58.00,61.79,55.97,65.62,50.81,66.76,50.96,54.00,86.24,227.45,57.33,59.16,63.99,56.03,63.48,51.61,59.03,55.99,65.05,54.45
2010.00,8.00,11.00,85.99,223.53,63.34,54.31,64.40,47.49,55.91,64.23,55.65,63.26,55.11,63.71,95.41,201.99,56.68,59.24,56.42,64.70,55.78,62.81,50.75,58.19,61.88,58.35
2010.00,8.00,12.00,121.47,185.43,54.68,53.20,60.84,56.84,61.36,55.22,51.18,60.45,54.40,63.10,148.49,146.22,56.56,62.06,53.16,59.83,48.46,61.24,60.16,61.62,51.49,51.28
2010.00,8.00,13.00,201.85,107.88,61.90,44.73,61.20,51.75,65.09,53.01,49.98,61.95,54.36,60.68,230.31,67.13,50.29,64.90,51.56,49.55,59.18,58.40,57.49,49.80,59.47,81.37
2010.00,8.00,14.00,228.03,43.78,58.32,55.74,62.51,39.46,63.04,52.77,61.51,41.68,62.83,143.52,150.83,58.27,55.01,57.92,46.85,56.60,56.49,53.56,53.89,59.84,57.16,199.78
2010.00,8.00,15.00,93.86,64.91,50.88,49.63,55.59,60.87,52.17,52.08,55.20,57.90,68.49,241.57,57.13,59.38,196.62,80.45,365.56,374.66,428.70,183.14,237.23,191.43,285.55,103.28
2010.00,8.00,16.00,58.62,65.57,51.97,59.57,62.74,61.00,51.44,190.07,298.69,271.07,264.31,49.20,95.07,148.66,170.68,63.20,167.95,132.20,146.50,206.75,290.57,253.44,305.70,243.38
2010.00,8.00,23.00,68.68,66.15,72.14,142.85,138.92,63.88,72.16,257.86,287.33,118.44,72.62,66.96,67.93,68.53,62.56,72.92,60.63,73.82,192.75,90.27,110.69,128.79,91.82,64.57
2010.00,8.00,24.00,70.39,62.48,69.58,59.37,70.92,132.09,141.02,196.16,280.11,152.39,68.14,68.91,64.75,72.11,61.07,64.09,59.69,72.56,186.39,74.49,68.34,73.74,134.65,69.62
2010.00,8.00,25.00,67.49,64.95,70.17,61.13,165.26,108.68,70.35,232.82,362.22,303.63,66.33,53.45,61.15,62.91,61.42,66.33,47.16,67.99,185.65,69.62,207.57,311.65,287.68,162.60
2010.00,8.00,26.00,106.19,53.49,63.77,62.49,67.67,59.75,66.54,258.72,276.90,140.25,64.88,65.38,104.21,66.33,66.61,64.21,65.23,69.31,191.63,93.57,78.10,129.14,63.67,207.66
2010.00,8.00,27.00,99.74,80.59,65.91,68.90,218.50,63.88,68.66,102.68,241.38,334.09,296.60,308.05,421.97,349.09,590.17,487.87,152.60,350.22,551.78,601.22,409.75,458.97,228.93,114.05
2010.00,8.00,28.00,89.91,67.71,72.55,69.79,65.72,189.80,63.50,65.28,82.17,126.48,119.92,287.21,510.54,462.63,404.50,398.89,394.95,353.59,286.31,279.84,153.77,65.66,59.59,65.87
2010.00,8.00,29.00,136.11,71.02,62.75,70.91,54.12,220.36,58.75,67.40,96.85,77.22,127.52,304.75,506.24,416.33,295.85,279.54,73.69,282.38,218.06,343.69,433.08,637.03,456.13,187.00
2010.00,8.00,30.00,108.47,95.17,67.19,56.60,56.15,56.47,66.33,175.40,277.41,206.38,173.17,297.34,343.11,436.88,476.05,361.78,333.55,71.39,65.24,228.25,171.27,441.61,229.20,112.28
2010.00,8.00,31.00,79.13,72.16,62.95,58.21,203.93,64.76,48.18,116.04,301.88,291.95,229.77,311.31,253.76,207.50,171.33,120.74,148.55,285.92,352.28,271.61,358.32,224.44,135.50,110.74
2010.00,9.00,1.00,74.27,56.94,67.00,59.51,158.18,61.16,90.87,193.81,286.97,165.90,376.16,417.09,329.84,321.68,337.50,281.49,273.60,292.60,106.20,108.21,366.61,499.64,232.43,72.42
2010.00,9.00,2.00,65.60,60.17,68.26,50.18,66.93,59.27,204.41,152.52,315.11,321.76,336.02,325.86,299.12,267.85,276.82,174.82,66.78,97.33,143.02,134.10,473.96,312.92,180.49,117.55
2010.00,9.00,3.00,76.84,67.95,68.04,89.47,136.67,188.21,183.71,224.81,296.37,288.18,268.63,277.55,323.88,144.04,69.96,80.80,60.88,67.74,71.85,104.58,454.14,355.38,330.29,189.62
2010.00,9.00,4.00,92.30,65.64,54.21,61.80,209.35,63.60,132.30,385.44,284.79,153.42,177.72,323.04,261.07,231.45,422.97,344.40,151.74,111.13,317.13,318.32,448.82,496.11,428.04,189.37
2010.00,9.00,5.00,109.92,95.13,107.00,68.50,60.67,66.62,53.08,61.05,265.80,85.08,247.37,317.60,193.64,157.34,242.93,437.59,198.65,118.16,168.37,272.36,215.93,417.34,302.17,80.51
2010.00,9.00,6.00,71.19,65.77,67.47,55.63,69.13,43.94,303.68,366.65,311.70,282.39,108.00,62.16,244.57,264.27,71.97,188.71,277.15,491.92,175.42,251.06,234.15,338.39,242.94,82.34
2010.00,9.00,7.00,130.39,128.18,53.61,62.09,60.07,64.38,125.61,364.78,281.74,282.04,121.13,215.67,95.81,85.94,66.21,66.24,184.44,65.68,210.99,543.77,423.61,443.03,472.83,217.46
2010.00,9.00,8.00,72.08,68.89,90.18,59.35,68.14,63.50,155.28,377.77,318.80,284.95,91.36,66.41,132.50,90.03,98.61,90.05,110.83,183.05,321.82,142.70,364.95,551.58,281.61,195.32
2010.00,9.00,9.00,178.23,93.05,64.59,55.70,49.16,144.75,172.97,375.11,277.74,195.82,84.05,166.34,162.38,188.68,82.91,153.08,59.16,141.11,92.57,303.71,521.41,255.08,162.79,85.71
2010.00,9.00,10.00,63.93,158.79,86.48,66.21,55.01,51.46,179.36,334.42,62.99,60.46,68.92,92.55,45.78,73.71,84.10,64.62,177.77,214.44,423.11,354.77,468.64,408.97,463.27,299.76
2010.00,9.00,11.00,204.07,90.79,67.95,53.98,67.51,59.59,141.56,325.24,278.70,175.90,264.37,84.23,208.38,339.13,356.66,190.66,90.41,240.46,144.13,75.19,211.19,364.83,384.12,384.26
2010.00,9.00,12.00,377.42,347.15,447.88,440.37,281.41,59.05,53.10,68.16,71.45,85.57,51.57,161.62,227.17,415.47,323.63,305.02,200.22,95.05,83.74,60.59,275.22,304.06,302.80,253.97
2010.00,9.00,13.00,152.07,66.29,190.71,61.19,42.19,51.84,121.96,375.89,283.52,116.25,70.86,66.48,52.76,255.42,68.93,47.62,68.55,68.13,139.89,241.82,295.25,353.55,280.11,61.76
2010.00,9.00,14.00,66.34,66.14,67.00,55.00,50.55,51.29,123.82,344.53,283.71,432.00,191.13,352.52,111.62,100.28,186.15,64.79,76.21,103.43,314.86,390.79,412.50,421.53,260.93,169.08
2010.00,9.00,15.00,77.44,80.43,74.99,69.13,47.14,60.07,159.98,397.52,296.48,218.27,61.17,45.09,73.44,53.92,67.82,70.68,79.40,71.37,193.61,40.97,148.76,312.49,336.46,200.24
2010.00,9.00,16.00,82.44,61.87,52.17,193.70,52.09,61.13,124.39,376.98,285.39,108.61,102.58,263.91,278.62,291.65,117.36,54.21,41.46,51.57,155.89,275.15,587.76,341.10,283.39,154.28
2010.00,9.00,17.00,93.86,58.16,114.05,130.53,39.29,51.67,124.56,378.10,274.60,169.30,39.37,56.57,103.63,70.17,156.49,329.54,583.79,304.58,383.19,576.51,565.86,113.02,103.72,95.32
2010.00,9.00,18.00,57.40,52.66,162.52,69.92,65.19,41.01,120.31,355.30,271.52,163.21,101.75,71.86,59.16,164.38,207.77,165.61,178.69,260.24,144.88,297.77,342.39,314.77,329.06,99.01
2010.00,9.00,19.00,75.35,79.56,81.54,95.66,55.47,38.82,46.69,104.27,186.68,161.32,112.23,52.37,41.94,94.72,62.77,58.12,49.79,65.54,322.75,215.56,461.57,373.73,141.26,40.90
2010.00,9.00,20.00,70.46,65.14,167.50,53.54,38.42,55.05,124.12,416.94,276.41,271.49,279.72,171.13,427.83,229.50,192.01,263.39,267.04,291.98,232.57,256.21,406.32,511.75,332.72,122.64
2010.00,9.00,21.00,92.97,59.64,40.27,52.96,53.63,179.32,121.16,370.02,262.72,270.11,202.15,144.61,163.93,116.77,60.00,82.90,80.97,48.79,61.18,110.84,407.89,395.23,202.99,67.04
2010.00,9.00,22.00,56.22,60.14,64.42,51.29,151.40,77.59,113.92,400.90,372.08,364.34,306.53,77.57,143.24,283.11,60.00,196.02,273.57,286.06,323.59,331.01,421.22,311.10,158.03,74.54
2010.00,9.00,23.00,65.40,97.67,138.53,58.86,40.05,52.31,144.04,503.15,376.22,280.29,358.15,161.51,309.23,295.25,275.96,121.26,65.76,72.56,123.24,236.54,190.63,402.22,203.47,186.87
2010.00,9.00,24.00,98.46,63.08,61.88,52.55,39.96,156.63,154.17,420.82,289.19,267.37,253.71,77.95,115.94,159.67,193.57,52.17,130.62,144.86,164.74,413.28,442.66,309.68,214.31,81.88
2010.00,9.00,29.00,178.44,143.02,166.70,106.32,69.83,72.04,150.71,490.92,315.09,310.64,286.11,280.39,207.18,77.99,231.21,315.40,289.03,279.27,242.45,182.39,351.77,297.45,273.41,211.38
2010.00,9.00,30.00,97.51,121.24,119.79,98.04,107.99,94.69,196.33,519.63,316.75,265.36,285.11,226.11,105.41,112.48,130.98,125.54,89.39,134.79,398.50,143.86,87.55,68.97,90.04,161.43
2010.00,10.00,1.00,91.88,91.48,77.51,227.27,58.78,68.48,144.73,466.95,286.25,90.91,85.29,299.38,482.40,348.24,290.36,205.77,337.13,69.81,110.86,222.72,157.06,429.91,119.98,176.43
2010.00,10.00,2.00,71.93,177.05,60.77,186.08,71.17,83.16,163.11,428.40,356.77,96.93,82.13,159.47,117.84,147.44,368.31,430.38,393.42,306.21,151.59,298.23,776.04,738.51,332.04,316.12
2010.00,10.00,3.00,73.29,71.83,88.56,86.82,68.05,75.48,59.33,120.64,217.85,440.89,475.44,668.65,179.53,97.85,382.10,246.94,196.77,94.84,133.99,457.63,667.57,498.32,328.00,278.86
2010.00,10.00,4.00,189.26,173.43,169.71,180.56,169.00,165.10,232.14,529.03,412.27,399.14,262.71,139.87,456.19,139.76,103.56,77.13,78.64,80.97,338.40,390.30,598.70,338.69,107.97,97.09
2010.00,10.00,5.00,169.27,110.76,70.51,60.82,73.23,84.82,146.14,393.98,298.77,359.57,363.57,340.32,337.45,286.42,411.61,375.26,199.09,119.82,152.08,327.47,522.85,405.55,280.50,197.95
2010.00,10.00,6.00,172.34,134.04,193.84,90.48,73.42,78.60,147.98,511.49,322.16,300.18,232.54,109.06,176.41,101.49,176.99,66.08,200.82,123.35,166.71,116.32,64.28,124.44,395.71,239.24
2010.00,10.00,7.00,201.75,75.95,76.74,70.02,63.32,80.71,213.33,393.81,328.62,270.38,60.55,406.40,539.71,350.08,292.32,306.97,163.93,70.61,257.43,299.02,524.94,529.91,211.51,153.18
2010.00,10.00,8.00,119.93,72.88,67.79,77.49,72.73,179.29,240.17,493.39,286.00,285.49,231.99,165.35,288.32,159.99,114.97,105.96,90.28,197.66,207.10,332.27,479.86,454.94,129.32,104.92
2010.00,10.00,9.00,102.54,90.99,88.25,85.10,73.20,85.67,193.63,447.07,319.29,226.76,85.19,127.95,90.01,330.84,214.88,343.00,394.08,229.89,287.17,393.51,322.79,347.91,273.85,137.12
2010.00,10.00,10.00,174.58,91.97,111.11,86.87,121.65,84.17,85.82,138.82,183.30,182.17,172.11,469.31,431.77,306.72,216.69,103.65,196.37,316.67,360.23,687.71,652.20,768.35,391.26,227.88
2010.00,10.00,11.00,101.34,88.38,111.21,87.23,109.28,173.45,185.47,468.51,326.01,321.42,208.26,86.82,129.59,107.38,205.35,121.26,85.65,189.83,144.09,609.20,450.14,599.32,298.18,118.77
2010.00,10.00,12.00,77.70,78.31,92.30,66.46,65.75,88.85,222.59,496.29,338.94,345.04,360.14,186.88,363.45,168.73,90.22,115.85,81.93,80.80,416.10,424.72,376.21,257.72,253.93,136.43
2010.00,10.00,13.00,75.58,90.32,62.43,71.82,193.96,91.40,183.19,560.18,465.72,328.34,409.24,300.66,315.27,309.84,376.27,376.43,327.15,305.10,193.91,400.68,468.15,426.37,402.49,73.04
2010.00,10.00,14.00,72.96,94.07,67.20,76.17,74.45,86.53,233.90,585.36,340.21,632.13,363.82,195.56,186.33,241.61,377.06,178.00,188.49,82.29,344.14,810.99,573.38,635.01,459.83,109.06
2010.00,10.00,15.00,79.02,81.33,86.85,64.76,65.43,85.92,219.30,396.34,373.65,311.96,321.61,359.65,406.83,309.95,289.03,117.16,110.13,111.17,282.12,359.07,284.89,227.97,197.67,98.10
2010.00,10.00,16.00,64.47,60.88,84.92,75.08,74.15,67.19,156.48,422.34,388.27,191.12,367.55,264.77,144.90,70.61,96.66,73.18,62.43,82.33,65.81,73.46,171.79,75.44,80.80,67.90
2010.00,10.00,17.00,73.21,65.56,81.26,61.67,71.45,71.36,204.97,73.40,74.90,74.11,64.79,59.10,61.69,71.92,97.81,74.16,234.65,97.02,111.64,399.83,483.32,421.09,177.47,231.64
2010.00,10.00,18.00,104.41,75.65,63.29,65.28,85.56,62.96,155.51,483.37,485.50,720.26,512.78,553.24,755.59,638.73,386.75,102.03,90.68,130.92,667.95,739.93,525.86,665.08,494.25,342.75
2010.00,10.00,19.00,303.81,134.93,62.52,60.62,86.55,78.67,205.82,588.69,414.82,354.12,116.80,357.42,222.42,101.87,79.69,79.13,93.26,222.29,696.87,577.08,583.04,498.30,261.28,142.03
2010.00,10.00,20.00,202.92,77.48,64.88,87.16,62.89,61.53,181.83,564.48,367.99,363.58,396.04,373.40,274.29,80.46,104.40,103.96,65.36,65.41,260.50,430.30,451.56,552.31,325.68,153.62
2010.00,10.00,21.00,88.00,130.73,86.24,67.09,67.16,201.45,239.96,487.43,241.49,62.50,63.66,77.20,97.37,76.42,93.94,64.41,180.39,72.25,256.26,359.32,383.57,508.52,392.50,150.59
2010.00,10.00,22.00,103.27,124.52,102.04,102.53,102.58,115.33,348.83,484.26,299.80,306.44,272.70,270.41,347.06,310.93,290.62,151.06,232.91,94.95,140.56,280.59,272.68,451.36,211.26,61.44
2010.00,10.00,23.00,281.47,72.15,95.81,76.44,74.32,64.51,125.12,464.55,309.00,255.99,83.29,215.35,408.38,351.65,514.16,490.33,501.53,644.17,497.16,353.58,326.05,651.57,255.81,415.17
2010.00,10.00,24.00,338.53,295.02,388.07,335.69,167.83,74.74,72.37,76.06,125.83,217.28,312.89,367.69,558.69,561.75,735.41,343.11,291.92,389.03,499.11,508.22,274.48,200.71,456.70,261.58
2010.00,10.00,25.00,121.94,113.89,75.16,67.91,67.24,70.44,96.95,345.81,424.73,293.25,305.49,149.96,64.50,62.92,70.67,77.50,89.01,69.56,87.07,278.05,215.54,195.91,236.46,238.55
2010.00,10.00,26.00,135.72,62.35,211.03,69.65,98.61,63.63,62.33,121.12,134.25,203.90,124.41,592.84,218.49,80.72,64.49,66.08,69.69,101.77,68.03,58.95,199.62,71.41,96.39,129.48
2010.00,10.00,27.00,155.39,139.32,176.45,74.19,63.53,61.86,77.70,335.26,374.06,302.46,362.01,509.82,78.33,134.14,101.95,92.77,134.86,105.62,98.65,163.00,204.68,75.15,159.27,156.38
2010.00,10.00,28.00,406.27,113.44,69.33,64.65,82.32,77.87,75.67,95.80,155.77,326.13,271.80,72.23,93.17,104.32,279.48,443.91,406.21,414.36,259.49,477.31,104.76,84.26,147.48,177.34
2010.00,10.00,29.00,204.08,117.95,91.60,62.39,62.28,76.10,100.58,60.30,94.41,276.94,104.08,121.20,208.11,161.92,144.55,261.02,103.29,123.34,237.59,258.79,305.66,323.24,190.07,264.01
2010.00,10.00,30.00,326.09,238.60,179.00,102.39,71.60,61.37,63.06,91.69,78.94,74.43,152.81,617.09,178.24,240.92,343.95,303.87,327.67,301.31,421.51,512.59,652.44,593.92,567.25,565.48
2010.00,10.00,31.00,356.28,290.68,281.62,306.30,288.83,573.18,380.23,64.84,69.92,78.43,100.25,62.98,66.16,231.70,303.04,117.30,67.98,90.35,64.69,71.76,77.36,239.72,261.41,401.38
2010.00,11.00,1.00,259.86,291.57,253.28,209.69,64.49,88.71,79.76,75.74,62.59,236.02,86.91,80.11,143.45,369.14,283.75,287.97,318.57,285.24,130.31,65.37,93.55,210.29,273.69,290.23
2010.00,11.00,2.00,282.18,248.82,78.06,65.01,281.19,74.83,79.48,95.23,105.24,284.66,170.43,84.74,67.74,79.32,71.11,74.16,73.42,63.65,226.54,165.62,239.20,267.33,281.44,450.32
2010.00,11.00,3.00,120.79,188.32,209.22,79.23,64.99,76.50,103.66,201.18,393.13,400.30,205.14,76.53,64.78,87.35,64.17,76.63,76.65,133.74,193.23,242.29,318.87,619.05,177.22,72.29
2010.00,11.00,4.00,98.84,165.89,113.12,67.51,89.76,77.85,160.07,447.51,870.30,442.95,714.27,638.37,413.90,423.90,162.15,139.03,88.53,129.29,334.00,798.39,878.91,609.99,396.91,125.86
2010.00,11.00,5.00,96.07,67.31,75.60,83.00,94.40,68.10,146.85,544.02,363.60,304.90,279.12,289.62,337.66,321.76,295.34,312.95,167.89,152.49,222.57,347.72,434.18,362.36,261.56,69.65
2010.00,11.00,6.00,62.73,95.51,197.37,68.24,66.65,86.61,129.34,514.12,416.30,269.74,236.29,486.49,386.61,231.82,107.99,371.23,336.55,304.85,411.67,373.21,246.61,217.32,207.91,101.07
2010.00,11.00,7.00,100.64,71.00,74.10,78.60,95.01,64.57,66.67,203.08,120.29,296.40,345.81,403.14,347.54,243.26,286.68,347.01,243.94,242.67,381.41,383.28,415.22,341.60,255.81,86.58
2010.00,11.00,8.00,61.74,79.10,74.05,198.93,65.15,65.28,182.81,514.17,343.91,293.06,264.42,265.32,297.54,411.42,243.96,185.87,88.03,131.23,310.91,423.53,503.46,521.87,359.87,106.71
2010.00,11.00,9.00,74.23,68.52,62.54,62.21,61.38,77.06,320.73,389.76,374.51,350.54,214.05,296.06,265.12,181.71,108.01,95.73,130.03,449.60,553.40,475.83,745.79,578.26,461.01,241.47
2010.00,11.00,10.00,155.07,83.05,64.51,64.98,60.75,67.98,149.96,566.12,465.44,351.77,664.12,647.13,290.90,472.73,396.59,309.72,308.75,257.61,346.44,189.70,77.47,85.71,76.19,236.82
2010.00,11.00,11.00,111.34,69.41,62.26,68.09,72.25,71.62,226.53,127.22,160.77,218.09,281.08,517.28,369.11,243.08,338.98,569.09,532.71,464.98,310.58,317.41,366.18,173.08,95.34,55.34
2010.00,11.00,12.00,173.51,52.64,69.06,63.10,54.99,57.04,129.27,530.58,467.93,306.35,367.20,278.04,282.61,157.92,260.16,352.69,268.18,483.73,449.22,471.10,345.32,219.58,63.13,126.02
2010.00,11.00,13.00,136.10,167.03,60.94,55.93,68.82,73.10,115.18,420.02,294.64,143.61,83.12,226.32,225.57,406.11,413.19,432.50,634.40,543.89,337.83,451.48,337.41,335.96,334.55,343.40
2010.00,11.00,14.00,363.37,308.77,197.34,117.79,66.39,71.89,56.56,60.24,104.00,220.77,224.22,202.27,271.39,252.05,293.25,818.64,558.66,464.68,469.63,293.25,518.26,502.65,178.53,76.45
2010.00,11.00,15.00,55.35,68.16,64.69,114.60,118.27,69.58,171.64,517.49,311.59,272.34,257.78,271.87,654.08,553.29,84.60,76.28,101.48,172.12,257.48,310.77,589.43,297.15,246.13,99.60
2010.00,11.00,16.00,63.77,57.56,202.23,59.23,54.98,66.48,240.71,483.56,331.51,311.28,288.13,178.37,72.98,72.18,55.55,61.96,106.18,276.83,406.28,391.42,428.81,498.29,147.85,99.62
2010.00,11.00,17.00,72.42,57.92,64.69,64.11,115.91,146.17,182.32,543.02,286.30,265.67,275.70,278.11,298.34,135.93,55.21,90.58,157.57,206.03,320.98,458.24,442.09,342.35,208.69,124.70
2010.00,11.00,18.00,87.03,76.94,101.14,200.73,90.52,75.89,190.79,529.14,301.63,266.09,265.63,264.65,312.32,181.88,81.43,64.13,91.63,113.80,537.37,506.94,426.33,381.09,181.67,94.41
2010.00,11.00,19.00,67.34,54.57,188.06,61.98,66.71,52.18,167.42,433.94,284.98,268.71,265.86,274.84,273.90,314.02,299.58,319.62,289.46,162.34,200.59,246.14,327.97,350.25,118.56,65.82
2010.00,11.00,20.00,62.43,56.11,70.25,61.11,64.31,174.35,154.91,518.81,388.55,369.29,254.49,530.02,222.67,255.64,207.08,247.80,298.78,353.58,1108.21,642.00,416.97,349.41,261.23,143.67
2010.00,11.00,21.00,102.39,57.86,176.62,64.97,67.86,57.17,66.35,407.94,280.59,254.19,52.80,58.92,68.86,54.53,55.34,58.56,69.10,142.58,88.85,58.19,119.11,240.54,294.20,59.71
2010.00,11.00,22.00,72.38,55.12,55.81,54.15,72.54,56.31,187.70,420.88,510.15,281.17,611.60,519.78,367.69,391.29,298.90,273.08,136.41,127.18,624.00,510.00,311.68,470.45,229.49,63.58
2010.00,11.00,23.00,71.92,57.59,55.61,54.06,70.93,55.19,125.21,501.95,335.62,275.85,309.21,335.60,206.63,163.84,305.00,78.78,100.30,192.76,362.41,437.47,519.29,280.90,164.02,118.11
2010.00,11.00,24.00,70.58,52.25,98.89,147.96,63.08,56.01,163.27,561.35,306.09,268.65,270.33,274.23,311.92,386.23,397.40,295.83,172.15,381.87,405.94,295.08,455.52,308.89,83.13,69.54
2010.00,11.00,25.00,59.77,57.05,52.46,66.12,74.26,173.42,189.70,517.41,320.91,247.70,127.12,202.48,98.42,70.16,59.22,65.58,106.71,291.51,435.57,458.99,324.54,264.49,245.71,188.48
